name, market_cap, price, volume, percent_change
Bitcoin,$112584352064,$6584.66,$3153790000,0.09%
Ethereum,$50728175679,$506.66,$1321720000,0.31%
Ripple,$21074493140,$0.536994,$190345000,-0.01%
Bitcoin Cash,$14821993417,$862.36,$301805000,-0.06%
EOS,$9602510653,$10.72,$646964000,-0.09%
Litecoin,$5567813445,$97.66,$258920000,-0.12%
Stellar,$4343371104,$0.233448,$33990300,-0.47%
Cardano,$4253076651,$0.164040,$39985300,0.19%
IOTA,$3366483693,$1.21,$48518700,0.38%
TRON,$2854454267,$0.043415,$132719000,-0.22%
Tether,$2615509266,$1.00,$1746020000,-0.01%
NEO,$2491034000,$38.32,$67223300,-0.38%
Dash,$2161045260,$265.56,$136225000,-0.45%
Monero,$2029113685,$125.73,$26973900,-0.35%
Binance Coin,$1843180947,$16.16,$87533100,0.41%
NEM,$1772595000,$0.196955,$8482440,-0.10%
VeChain,$1686762539,$3.08,$97909900,1.55%
Ethereum Classic,$1485671850,$14.52,$225074000,-0.81%
Qtum,$956849724,$10.79,$102787000,-0.11%
Ontology,$946884770,$6.26,$50863800,-0.56%
OmiseGO,$946128336,$9.27,$21179600,0.03%
ICON,$803888389,$2.08,$47274700,1.27%
Zcash,$802961141,$193.25,$47949800,-0.65%
Bytecoin,$785260166,$0.004270,$5101870,0.63%
Lisk,$705854766,$6.60,$7856290,-0.11%
Zilliqa,$663239925,$0.087546,$22397200,1.18%
Decred,$650556295,$91.04,$5719550,-0.49%
Aeternity,$610790931,$2.62,$5818420,-0.09%
Bytom,$574419052,$0.572987,$75201300,-0.14%
Bitcoin Gold,$560262431,$32.82,$9831650,0.00%
0x,$473500966,$0.890456,$8068480,0.05%
Siacoin,$452217178,$0.012881,$12914300,-0.57%
Steem,$436616224,$1.67,$1107770,-0.02%
BitShares,$430147741,$0.163309,$6424540,0.46%
Verge,$425294952,$0.028251,$4876070,-0.01%
RChain,$375351118,$1.04,$715061,-0.44%
Bitcoin Diamond,$370509479,$2.41,$879539,-0.51%
Augur,$366833500,$33.35,$1944560,-0.13%
Nano,$359794366,$2.70,$5674040,-0.03%
Waves,$348919000,$3.49,$21037000,-0.06%
Maker,$347197952,$561.60,$379279,0.07%
Dogecoin,$333496616,$0.002903,$5611220,-0.33%
Golem,$322012959,$0.383695,$5198330,0.39%
Bitcoin Private,$318036776,$15.54,$351688,0.58%
Wanchain,$311130833,$2.93,$3049930,0.32%
Populous,$307383570,$8.31,$4706000,-0.26%
Stratis,$300368190,$3.04,$3174770,-0.58%
DigiByte,$290817077,$0.027960,$1626680,0.81%
Status,$263825831,$0.076020,$9469170,0.00%
Waltonchain,$262303080,$8.42,$5366660,0.00%
Nebulas,$253740305,$5.58,$43153600,0.05%
Basic Attenti...,$249810000,$0.249810,$7212910,-1.38%
Hshare,$243803264,$5.65,$31855300,-0.75%
Aion,$237650456,$1.48,$2022020,0.40%
KuCoin Shares,$230950145,$2.55,$1311510,0.78%
IOST,$230830320,$0.027480,$17329300,0.04%
DigixDAO,$225076000,$112.54,$484079,0.03%
Huobi Token,$220433382,$4.41,$37262800,0.15%
Loopring,$217762845,$0.380655,$5411830,0.63%
Komodo,$202074427,$1.94,$232350,-0.62%
GXChain,$199288200,$3.32,$20800100,0.51%
Ardor,$182118607,$0.182301,$1317440,-0.65%
aelf,$176882750,$0.707531,$13108400,-0.27%
Cryptonex,$174430534,$3.85,$1242680,1.81%
Bancor,$169145060,$3.35,$5351490,0.35%
Ark,$165965578,$1.61,$325083,-0.12%
MonaCoin,$163006412,$2.71,$468371,0.05%
MOAC,$157613197,$4.39,$10085,-1.24%
Elastos,$155224202,$29.77,$7281210,-0.20%
CyberMiles,$151119692,$0.218236,$21636100,0.06%
PIVX,$150382333,$2.66,$709442,-0.83%
MaidSafeCoin,$149314690,$0.329939,$2312410,-0.33%
ReddCoin,$146965922,$0.005101,$641903,0.07%
Veritaseum,$143576579,$70.50,$1061060,2.02%
Dentacoin,$139342692,$0.000428,$37211,1.74%
Fusion,$138391617,$4.66,$3429560,-0.29%
WaykiChain,$138100138,$0.787344,$15886600,1.10%
Kyber Network,$135237950,$1.01,$5151090,0.56%
Gas,$134890712,$13.32,$3706960,-0.31%
Ethos,$133309369,$1.73,$2443650,0.25%
Loom Network,$132241459,$0.219555,$1840720,0.76%
Mithril,$130894743,$0.427053,$60727700,-0.41%
Bibox Token,$127052604,$1.22,$65118900,-0.48%
Syscoin,$121561854,$0.227044,$789309,0.56%
FunFair,$120866802,$0.024877,$1247190,0.16%
Cortex,$118321512,$0.789903,$12655800,0.35%
Dropil,$117941466,$0.006059,$186034,0.36%
Nxt,$116735141,$0.116852,$2726170,0.03%
Kin,$115739634,$0.000153,$309208,0.23%
QASH,$112710850,$0.322031,$1372850,0.06%
Dragonchain,$110738408,$0.464464,$1291310,0.53%
Emercoin,$109794475,$2.62,$1533160,0.09%
Polymath,$109499955,$0.396136,$3844390,-0.27%
Decentraland,$109170611,$0.103958,$5656530,0.60%
Scry.info,$107730050,$0.359032,$1848900,0.58%
Substratum,$107010705,$0.279386,$1324840,0.05%
Enigma,$105022089,$1.40,$2559070,-0.28%
Theta Token,$105010516,$0.164347,$10707400,0.08%
Nuls,$102148800,$2.55,$1524170,-0.45%
Skycoin,$100446300,$11.16,$2212220,0.19%
Electroneum,$98276018,$0.013652,$379373,-0.29%
Blocknet,$97066239,$18.69,$127670,0.88%
Power Ledger,$96733229,$0.259056,$1616900,0.40%
ZCoin,$96527043,$19.37,$706979,0.34%
BnkToTheFuture,$96087980,$0.152523,$1476210,0.14%
eosDAC,$92881694,$0.140569,$1201990,0.56%
All Sports,$92619106,$0.113589,$15694900,0.80%
Factom,$92558160,$10.58,$104585,1.20%
Storm,$90783160,$0.021796,$4165950,-0.08%
Centrality,$88632336,$0.112953,$177610,-0.55%
Byteball Bytes,$87027660,$134.73,$78785,-0.17%
iExec RLC,$86594161,$1.08,$630470,-0.42%
DeepBrain Chain,$85821900,$0.057215,$2069660,2.77%
Nexus,$85415452,$1.48,$1452370,-0.09%
Gifto,$84496487,$0.160708,$5108720,0.04%
Holo,$84346940,$0.000633,$2405770,0.44%
Game.com,$83838186,$0.135486,$5397330,-0.65%
Monaco,$80603343,$5.10,$6879970,-0.44%
Docademic,$79161721,$0.281092,$2608170,-4.76%
Storj,$78813124,$0.580415,$1397510,-0.34%
WAX,$78605620,$0.123305,$1049850,-0.49%
ZenCash,$78337868,$19.21,$662142,-0.09%
ChainLink,$78259650,$0.223599,$429793,-0.88%
SmartCash,$77334332,$0.074657,$57005,1.88%
Nexo,$77099681,$0.137678,$8161030,0.09%
Achain,$74754852,$0.143732,$10608400,0.36%
Matrix AI Net...,$74373900,$0.495826,$2818750,0.34%
Request Network,$74288509,$0.106531,$1072180,2.80%
High Performa...,$72596500,$2.44,$5008110,0.23%
SALT,$71998456,$1.22,$2728930,0.18%
Bitcoin Interest,$71293074,$3.89,$78323,1.62%
Paypex,$70602066,$1.03,$2271,0.57%
Iconomi,$70389355,$0.709878,$224802,0.38%
Revain,$70321855,$0.377162,$4682920,1.11%
Civic,$69784679,$0.203632,$4848440,0.21%
Asch,$68635119,$0.735203,$7049190,0.95%
True Chain,$68406910,$1.47,$72154300,-0.41%
Bottos,$67438497,$0.135290,$2378480,0.16%
SingularityNET,$66790502,$0.123761,$3041790,0.28%
TenX,$66359402,$0.608538,$3266290,-0.23%
Nucleus Vision,$64271995,$0.014856,$1919850,0.40%
Neblio,$63880649,$4.83,$2049850,-0.34%
Aragon,$63824442,$2.26,$202373,-0.02%
Time New Bank,$62791867,$0.026588,$2711380,0.97%
Ruff,$62366223,$0.067657,$799407,0.59%
GameCredits,$61391531,$0.953946,$495333,-0.34%
MediShares,$61345131,$0.060290,$1202040,0.18%
BitcoinDark,$61054819,$47.37,$299524,-0.11%
Arcblock,$60825329,$0.652656,$13942800,0.07%
Quantstamp,$60108560,$0.097371,$726775,0.05%
Santiment Net...,$59746977,$0.953505,$1159550,0.49%
Dent,$59668862,$0.005621,$1308500,0.64%
Storiqa,$59568239,$0.007393,$1419970,0.29%
Cindicator,$58853416,$0.040702,$308398,-0.38%
Enjin Coin,$58674264,$0.077592,$1287280,0.84%
Gnosis,$58552990,$53.01,$179083,0.28%
Lympo,$58362818,$0.080674,$7469340,-0.43%
CyberVein,$57416672,$0.060720,$12225200,-0.40%
Ignis,$53405437,$0.070165,$129921,0.61%
Bluzelle,$53385826,$0.291820,$3896690,-0.18%
Groestlcoin,$52893594,$0.752752,$1214380,-0.19%
Odyssey,$51236350,$0.010787,$11610000,-0.57%
IHT Real Esta...,$49785208,$0.096771,$3283220,0.14%
TrueUSD,$49646972,$1.01,$14631600,-0.18%
SONM,$49223127,$0.136883,$636996,-0.90%
Genaro Network,$48986885,$0.202707,$897849,-0.83%
Dynamic Tradi...,$48854321,$0.040108,$11679,-0.53%
Metal,$48655492,$1.94,$1276670,-1.07%
Credits,$48558964,$0.351982,$620895,0.27%
Particl,$48321824,$5.36,$939659,-0.02%
DigitalNote,$48307806,$0.006994,$1251000,-0.30%
Vertcoin,$48260804,$1.08,$471457,0.22%
Crypterium,$47975322,$0.607232,$1286990,-0.30%
POA Network,$47970265,$0.233855,$541294,-0.13%
SmartMesh,$47822077,$0.033827,$398211,0.16%
QuarkChain,$47365423,$0.132516,$4323400,-0.43%
BOScoin,$47096183,$0.105695,$52628,-0.77%
Ambrosus,$46947533,$0.324692,$475524,-0.26%
Streamr DATAcoin,$46811556,$0.069130,$771016,0.09%
THEKEY,$46582270,$0.010116,$304122,-0.08%
SophiaTX,$45882500,$0.238823,$504011,-0.03%
CRYPTO20,$45750630,$1.15,$2401960,0.05%
Raiden Networ...,$45067006,$0.898305,$1034580,0.00%
Pillar,$44854271,$0.172950,$20579,0.02%
SIRIN LABS Token,$43791952,$0.191016,$2306760,0.27%
Dai,$42529205,$0.998572,$1294290,-0.62%
Delphy,$42423437,$1.03,$2118930,0.13%
Po.et,$42376123,$0.018447,$666968,0.11%
BLOCKv,$42057354,$0.021360,$1098070,-0.17%
ZClassic,$41951570,$10.00,$168069,-0.29%
Republic Prot...,$41581111,$0.079682,$2264670,0.30%
Genesis Vision,$40972975,$10.99,$2977820,0.40%
TokenPay,$40819132,$2.65,$318648,-0.23%
Bread,$40683058,$0.460096,$1778080,-0.68%
Peercoin,$40246489,$1.62,$527795,-0.46%
Stakenet,$40197627,$0.591568,$105799,-0.60%
Trade Token,$40165657,$0.446675,$1425010,-0.07%
EDUCare,$39892300,$0.113978,$4376720,-0.34%
OriginTrail,$39867372,$0.148618,$87229,0.69%
NavCoin,$39350876,$0.624959,$2544730,-0.40%
IoT Chain,$38988062,$0.647605,$5198670,0.70%
IoTeX,$38720394,$0.033934,$9521530,-0.24%
Ubiq,$38357821,$0.929463,$23460,-0.60%
Swarm,$38352497,$0.750342,$161195,3.24%
Cube,$37748721,$0.006016,$1044590,-1.08%
NKN,$37687646,$0.251359,$1391340,0.85%
Apex,$37527977,$0.087737,$1415350,-0.13%
Jibrel Network,$36780960,$0.229881,$59998,-0.68%
DATA,$36590682,$0.007909,$1003160,0.16%
Ink,$36274046,$0.078192,$5127240,0.72%
Tokenomy,$36019875,$0.288159,$334749,0.21%
Telcoin,$35950517,$0.001183,$124965,1.18%
ODEM,$35669903,$0.200977,$1013,-0.04%
Electra,$35590459,$0.001386,$71871,3.10%
Litecoin Cash,$35504117,$0.061837,$170059,-11.12%
ETHLend,$35428033,$0.032610,$314862,0.45%
Edgeless,$35356171,$0.403669,$482917,-0.24%
Bitcore,$35053389,$2.25,$438103,-0.18%
Eximchain,$34979226,$0.519701,$244190,-4.52%
BridgeCoin,$34668000,$1.28,$34795,-0.25%
DAEX,$34556433,$0.093320,$132885,2.98%
Safe Exchange...,$34477690,$0.022342,$10961,0.99%
Burst,$34192293,$0.017494,$89298,-0.29%
Wagerr,$33681699,$0.184053,$37995,1.08%
Rock,$33347441,$0.096680,$12677,0.96%
APIS,$32594565,$0.007386,$21029500,-0.15%
bitCNY,$32592019,$0.171093,$10861900,0.94%
Red Pulse,$31975622,$0.039577,$428084,0.38%
Eidoo,$31434417,$1.07,$2338710,-0.39%
Einsteinium,$31383041,$0.144546,$98898,0.04%
TokenClub,$31139120,$0.064681,$1612370,-1.15%
Primecoin,$30841810,$1.29,$335986,0.65%
AdEx,$30675896,$0.417753,$955683,-0.27%
SpankChain,$30356590,$0.101174,$583330,-0.35%
LGO Exchange,$30074377,$0.251257,$56177,0.08%
CloakCoin,$30069421,$5.84,$642305,-0.46%
Counterparty,$29948561,$11.45,$108700,0.14%
OST,$29824868,$0.088009,$239550,0.39%
DATx,$29475162,$0.021185,$1939300,-1.35%
Ripio Credit ...,$29348525,$0.059739,$1291950,0.01%
BABB,$29004360,$0.001381,$116477,-0.12%
Quantum Resis...,$28960828,$0.556939,$151839,-0.17%
Hydro Protocol,$28736159,$0.040935,$1192390,0.51%
AirSwap,$28697400,$0.191316,$556453,0.09%
Unobtanium,$28540587,$143.56,$41819,0.23%
Ravencoin,$28482028,$0.023160,$202394,-1.02%
TokenCard,$28464102,$1.17,$171877,0.09%
Cryptaur,$28433633,$0.004141,$201598,0.80%
Gulden,$28185519,$0.070575,$89610,-0.06%
SwftCoin,$28158274,$0.007736,$7667580,-0.08%
Viacoin,$28153364,$1.22,$1478860,-0.14%
BitBay,$27001954,$0.026678,$32225,-0.20%
TomoChain,$26865575,$0.488465,$535178,-0.17%
MediBloc,$26660941,$0.008988,$242224,0.29%
BitRent,$26640714,$0.031649,$491952,-0.57%
Zebi,$26437019,$0.057223,$779898,1.30%
PACcoin,$26403324,$0.006715,$74704,-1.17%
ATN,$25861907,$0.306775,$67818,-1.17%
WhiteCoin,$25729365,$0.103293,$183698,0.80%
GINcoin,$25667001,$13.72,$248798,0.37%
SingularDTV,$25520400,$0.042534,$235992,-0.49%
Metaverse ETP,$25506372,$0.711224,$3804560,-0.26%
SaluS,$25475439,$25.21,$25003,2.52%
NANJCOIN,$25398346,$0.001312,$183974,-0.36%
MinexCoin,$24912925,$6.35,$16157,-2.47%
district0x,$23978340,$0.039964,$329278,-0.28%
Wings,$23902337,$0.266445,$1799360,-0.09%
FuzeX,$23885486,$0.032751,$59652,1.51%
Dock,$23826142,$0.062848,$964368,-0.09%
LinkEye,$23631660,$0.039386,$1895350,-0.16%
HTMLCOIN,$23127691,$0.000351,$90208,-1.67%
AppCoins,$23053414,$0.230409,$282222,0.35%
KickCoin,$23034697,$0.047151,$689642,0.71%
Crowd Machine,$22923779,$0.051233,$1040010,0.25%
INS Ecosystem,$22913979,$0.756214,$6799470,0.28%
NAGA,$22910567,$0.397254,$3032320,0.50%
Tierion,$22790576,$0.053189,$612070,0.19%
Aeon,$22785111,$1.44,$14526,-0.30%
Universa,$22662256,$0.012682,$459377,-0.28%
WePower,$22586677,$0.050328,$460115,0.21%
Zeepin,$22553700,$0.045107,$1012620,0.53%
Havven,$22471407,$0.369073,$946546,2.79%
LoyalCoin,$22255275,$0.004511,$44128,0.34%
UTRUST,$22097238,$0.072079,$86301,-0.28%
ION,$22075642,$1.02,$294517,-0.26%
Blox,$22043698,$0.033301,$3034440,-0.56%
Presearch,$21985975,$0.141845,$72425,-1.64%
Internet Node...,$21964950,$0.146433,$4376020,-0.09%
Cashaa,$21750653,$0.052345,$357134,0.05%
Modum,$21459497,$1.17,$64021,-0.44%
Banca,$21444723,$0.001258,$661133,-1.54%
Linda,$21329806,$0.002360,$112104,-2.52%
MobileGo,$21293833,$0.217220,$325684,0.17%
ECC,$21242725,$0.000850,$3930,-0.29%
PRIZM,$21216882,$1.05,$17351,2.16%
CPChain,$20890563,$0.072344,$1395470,-0.38%
YOYOW,$20871947,$0.076686,$476834,0.39%
TaaS,$20567512,$2.52,$202378,0.36%
Datawallet,$20414866,$0.052316,$513098,4.12%
Lunyr,$20404039,$8.88,$3121640,-0.45%
WaBi,$20342973,$0.449588,$262259,0.36%
Namecoin,$20310296,$1.38,$221223,-0.16%
Experience Po...,$20299966,$0.000087,$48371,-0.41%
DECENT,$20255952,$0.394806,$147326,-4.47%
VIBE,$20112106,$0.100460,$453784,0.16%
Spectre.ai Di...,$20056634,$0.244374,$1304,0.60%
DecentBet,$20026177,$0.155701,$147530,-1.42%
Steem Dollars,$19954055,$1.32,$405038,0.41%
LBRY Credits,$19851028,$0.118697,$87437,0.94%
Melon,$19639821,$32.77,$178452,-0.28%
Qbao,$19353034,$0.296138,$2960590,0.63%
Soarcoin,$18946803,$0.017583,$41901,-0.28%
Bodhi,$18879000,$0.471975,$7218100,2.49%
Phore,$18739758,$1.39,$477083,1.65%
Mobius,$18705452,$0.049662,$266398,-2.90%
Primas,$18662707,$0.364506,$1802600,0.39%
QLINK,$18559536,$0.077331,$2382500,-0.35%
Etherparty,$18291038,$0.037648,$296394,0.17%
Hive Project,$18124500,$0.048332,$2510,-0.27%
Proxeus,$17979726,$0.090697,$138080,0.08%
Karma,$17882646,$0.010031,$42538,2.82%
YEE,$17824424,$0.013056,$469267,0.39%
SelfSell,$17807010,$0.045659,$354695,-0.04%
COSS,$17677951,$0.148791,$74652,1.91%
Maecenas,$17626893,$0.584637,$8569,1.95%
XinFin Network,$17356406,$0.004741,$455399,-0.33%
Oyster,$17336516,$0.204039,$100825,-1.34%
Sentinel,$17234020,$0.008617,$299277,-0.45%
Datum,$17044463,$0.018853,$141856,2.10%
ColossusXT,$17036200,$0.001559,$8829,3.36%
Decision Token,$16880616,$0.527091,$42646,1.37%
Feathercoin,$16733076,$0.082043,$54604,-0.58%
BrahmaOS,$16499258,$0.026643,$5248,0.61%
Bitcoin Green,$16486650,$4.53,$76464,0.28%
U Network,$16377575,$0.002827,$1838390,-0.02%
Pepe Cash,$16301537,$0.023225,$21862,-0.85%
QunQun,$16283919,$0.020250,$222798,-0.21%
PeepCoin,$16149142,$0.001003,$341516,-3.18%
Mothership,$16127440,$0.115196,$101210,-3.16%
Humaniq,$15855965,$0.095946,$5684,-0.28%
Electrify.Asia,$15817602,$0.036479,$432463,2.14%
Trinity Netwo...,$15753467,$0.047260,$476239,1.66%
Viberate,$15740400,$0.092200,$2438680,-0.24%
FirstBlood,$15739746,$0.183965,$2923300,0.98%
Pura,$15732230,$0.090378,$384104,-2.87%
Shift,$15640008,$1.29,$15711,-0.29%
PotCoin,$15549734,$0.070639,$54205,0.12%
Bismuth,$15370595,$1.45,$38199,-0.37%
Cobinhood,$15329592,$0.042138,$13247,7.63%
OneRoot Network,$15037256,$0.062748,$613738,-9.84%
Bankex,$15026642,$0.211921,$957226,0.26%
Hexx,$14888894,$9.00,$46611,-0.54%
Elastic,$14870351,$0.162205,$55974,-0.25%
Propy,$14817677,$0.760070,$906022,0.39%
Divi,$14603250,$2.66,$1208250,0.75%
Polybius,$14590732,$3.68,$2275,-0.28%
LEOcoin,$14590587,$0.143406,$680738,-0.01%
Triggers,$14416079,$0.449021,$388623,-0.45%
CasinoCoin,$14382076,$0.000400,$1954,-0.32%
Medicalchain,$14328361,$0.077451,$3900620,0.61%
ALQO,$14312776,$0.306102,$30375,-0.52%
Blackmoon,$14288318,$0.673983,$499952,0.03%
Zeusshield,$14167164,$0.012285,$169642,0.84%
XTRABYTES,$13969883,$0.032488,$11693,-2.32%
Energo,$13946441,$0.020559,$346853,-1.05%
BlockMason Cr...,$13918225,$0.192139,$935832,0.50%
Chronobank,$13896837,$19.57,$307550,0.15%
Envion,$13858597,$0.126377,$4523,-0.26%
Dimecoin,$13857050,$0.000026,$14867,-2.61%
Alphacat,$13781143,$0.004939,$381459,-0.20%
DIMCOIN,$13780323,$0.006554,$55546,0.43%
Refereum,$13728088,$0.005808,$194617,-0.05%
Bean Cash,$13692721,$0.005352,$41153,0.16%
Mercury,$13670100,$0.136701,$95298,0.09%
bitUSD,$13634697,$1.13,$294755,0.77%
ugChain,$13544868,$0.023811,$483415,0.55%
iXledger,$13430734,$0.375382,$273672,-1.08%
SpaceChain,$13133319,$0.025502,$109498,-0.37%
ProChain,$13103003,$0.264372,$8793440,-0.26%
HempCoin,$12986487,$0.056346,$10705,0.77%
Fortuna,$12938163,$0.032166,$917794,-0.22%
STK,$12804748,$0.037459,$1098330,-0.90%
Synereo,$12765633,$0.126733,$17141,-0.28%
Cofound.it,$12704088,$0.039089,$171895,1.08%
Gems ,$12677468,$0.011060,$558820,0.46%
MedicCoin,$12517686,$0.066234,$12319,-0.26%
Switcheo,$12491619,$0.023898,$66079,-0.16%
MUSE,$12469179,$0.855119,$929,6.14%
Everex,$12437981,$0.753817,$146169,0.15%
Pascal Coin,$12312725,$0.572597,$21282,-2.38%
DeepOnion,$12283999,$0.798685,$49069,-2.37%
Aurora DAO,$12269767,$0.120401,$175633,4.41%
Selfkey,$12172485,$0.006233,$72821,0.07%
Bitcoin Atom,$12130361,$0.671585,$16527,0.41%
NoLimitCoin,$12112727,$0.058163,$38622,-0.55%
Neurotoken,$12008561,$0.148204,$1080560,0.26%
Unikoin Gold,$11968581,$0.084720,$160262,-0.24%
Bloom,$11912929,$0.249807,$15575,0.07%
Ormeus Coin,$11904364,$0.699051,$1808680,1.24%
Lamden,$11888197,$0.083593,$24225,0.10%
SHIELD,$11833834,$0.023069,$15898,-2.62%
GridCoin,$11811723,$0.030262,$42077,1.90%
Quantum,$11773301,$0.157256,$209321,-0.18%
SunContract,$11725927,$0.097945,$1611270,0.35%
AICHAIN,$11560178,$0.021605,$1487550,0.12%
BlackCoin,$11552914,$0.150225,$214645,0.13%
Covesting,$11430475,$0.653170,$15221,0.44%
Sakura Bloom,$11312200,$0.004380,$150340,0.47%
Stox,$11266090,$0.264048,$980310,0.03%
Silent Notary,$11228232,$0.000135,$491011,2.12%
Nework,$11185881,$0.075792,$6862860,0.64%
Rialto,$11169499,$0.145341,$1979,0.85%
LUXCoin,$11168152,$5.87,$16394,-0.49%
Remme,$11130418,$0.018510,$969967,1.33%
DubaiCoin,$11108124,$4.97,$193104,-0.63%
Callisto Network,$11092032,$0.032961,$46470,-0.75%
Restart Energ...,$11076867,$0.026517,$41226,0.23%
adToken,$11066280,$0.018444,$34767,0.06%
Numeraire,$10958811,$8.12,$11618,-0.28%
Cappasity,$10898442,$0.023849,$439384,-0.39%
Banyan Network,$10895137,$0.037201,$604010,0.19%
TE-FOOD,$10881308,$0.023582,$294624,2.26%
Crown,$10855505,$0.575796,$35724,0.55%
Moeda Loyalty...,$10823958,$0.551430,$285539,-0.06%
AI Doctor,$10814496,$0.024394,$1239600,-1.19%
Mooncoin,$10799786,$0.000048,$3970,0.22%
Olympus Labs,$10796640,$0.288266,$179282,0.23%
Oxycoin,$10774052,$0.098320,$28346,-0.97%
DADI,$10715987,$0.138105,$1661150,0.14%
Matchpool,$10695975,$0.142613,$529520,0.05%
Measurable Da...,$10675461,$0.032491,$1121550,1.09%
Monetha,$10674653,$0.049085,$97602,-0.97%
MonetaryUnit,$10633487,$0.079603,$11417,-0.30%
LATOKEN,$10513049,$0.129731,$1263150,0.86%
Aeron,$10456420,$0.804340,$5154350,0.30%
Diamond,$10433267,$3.69,$6477,-0.30%
ATMChain,$10414806,$0.002235,$88708,1.12%
carVertical,$10407492,$0.001837,$56298,-2.18%
Blocktix,$10404960,$0.260124,$99451,-0.20%
BetterBetting,$10281077,$0.066586,$6719,0.17%
Uquid Coin,$10259800,$1.03,$1326510,-0.23%
DMarket,$10245885,$0.204036,$72437,-0.44%
Omni,$10183543,$18.15,$9780,0.09%
Boolberry,$10144496,$0.870025,$3091,-0.30%
EchoLink,$9942246,$0.026668,$371550,-1.50%
SolarCoin,$9923257,$0.225541,$11715,-0.28%
RevolutionVR,$9921660,$0.047246,$32953,-0.21%
Agrello,$9843119,$0.114483,$266042,0.36%
I/O Coin,$9802851,$0.584309,$2956,-0.29%
OAX,$9599825,$0.383851,$232128,0.19%
The Abyss,$9548038,$0.046772,$695544,-0.26%
Global Curren...,$9539534,$0.091513,$5746,-0.81%
indaHash,$9451294,$0.023632,$5383,0.21%
Sentinel Chain,$9429924,$0.047802,$315533,-0.34%
CoinPoker,$9305351,$0.032500,$32939,-0.68%
StrongHands,$9299262,$4.9e-07,$15880,-0.13%
Neumark,$9273439,$0.322800,$100893,0.06%
UpToken,$9228811,$0.065005,$34304,0.46%
FlorinCoin,$9220619,$0.063871,$41174,2.38%
Morpheus Network,$9212763,$0.365033,$1312260,0.17%
Hi Mutual Soc...,$9107687,$0.022538,$349220,-0.20%
Blockport,$9093994,$0.174915,$7955,0.21%
Everus,$8963238,$0.061948,$435151,-1.18%
Flash,$8930817,$0.009923,$1218,-0.28%
Nebula AI,$8884000,$0.007641,$56980,0.59%
E-Dinar Coin,$8866551,$0.010005,$25019,-0.20%
PolicyPal Net...,$8745609,$0.024326,$103280,1.85%
Radium,$8689099,$2.49,$275560,1.69%
Smartlands,$8617504,$1.69,$205508,0.11%
MARK.SPACE,$8615884,$0.036492,$631480,0.16%
HeroNode,$8594753,$0.021242,$194762,2.17%
Friendz,$8574030,$0.016828,$25504,0.04%
Etheroll,$8441576,$1.21,$138046,0.60%
SwissBorg,$8385626,$0.014563,$80774,0.04%
Polis,$8346719,$3.33,$31656,-0.49%
U.CASH,$8302732,$0.004501,$31652,-0.03%
LockTrip,$8223940,$0.884964,$102385,-0.07%
EXRNchain,$8208052,$0.000089,$141005,1.91%
Databits,$8108274,$0.356442,$7255,9.84%
Expanse,$8007915,$1.01,$20812,0.81%
Incent,$7933446,$0.172404,$4908,-0.64%
aXpire,$7889183,$0.029770,$16010,-0.07%
Russian Miner...,$7732794,$5131.25,$8482,-0.30%
Hacken,$7731074,$1.55,$27949,-0.11%
Rivetz,$7686585,$0.292884,$3538,2.09%
Loki,$7675345,$0.410906,$25243,1.34%
ShareX,$7667880,$0.011879,$1363510,-2.39%
NewYorkCoin,$7640970,$0.000057,$19780,0.23%
Myriad,$7640749,$0.004829,$8950,0.48%
Hydrogen,$7617089,$0.002487,$62370,-0.16%
Clams,$7592750,$2.46,$17344,-0.18%
ShipChain,$7524179,$0.041268,$10855,0.85%
LALA World,$7505054,$0.039574,$42603,0.05%
Unibright,$7504202,$0.057098,$318303,1.06%
PikcioChain,$7410666,$0.176476,$39480,-0.14%
ICOS,$7364834,$13.66,$1032,0.03%
DomRaider,$7333003,$0.012397,$134095,-0.07%
LoMoCoin,$7318468,$0.031052,$10528,-0.14%
Sprouts,$7315374,$5.9e-07,$10498,2.80%
REBL,$7305469,$0.042954,$1348600,-1.07%
The ChampCoin,$7298458,$0.044253,$4425,-0.30%
LIFE,$7222135,$0.000198,$23867,26.80%
Fluz Fluz,$7185976,$0.035091,$2015,0.57%
NeosCoin,$7121148,$1.85,$248500,-0.87%
DAOstack,$7029053,$0.199257,$91156,3.82%
AirToken,$6979823,$0.006647,$186388,-0.08%
Target Coin,$6848114,$0.007190,$17694,9.69%
BitTube,$6813706,$0.115435,$82235,-0.90%
Aphelion,$6764545,$0.185654,$122491,-0.28%
HollyWoodCoin,$6757928,$1.21,$100820,-0.29%
Sharder,$6698221,$0.023645,$249964,0.68%
Bulwark,$6681395,$0.786540,$25641,-0.77%
SIBCoin,$6663219,$0.396198,$17755,-0.36%
GET Protocol,$6656414,$0.584498,$53884,3.22%
Pareto Network,$6627127,$0.027071,$47626,-0.19%
Flixxo,$6525816,$0.084020,$155079,-1.82%
Zippie,$6481903,$0.038237,$2627,0.58%
VeriCoin,$6445662,$0.207811,$163213,-1.52%
Dynamic,$6426644,$1.29,$45328,-0.30%
InvestFeed,$6417473,$0.033532,$1916,-1.27%
CVCoin,$6415792,$0.652208,$218161,-0.23%
BitSend,$6369055,$0.326537,$18806,-0.59%
GoByte,$6366267,$3.61,$46041,1.84%
Pirl,$6361238,$0.327840,$23682,-1.28%
PolySwarm,$6357075,$0.004330,$28107,0.42%
Nimiq Exchang...,$6356669,$0.605397,$127829,0.39%
InsurePal,$6344103,$0.031563,$417538,-0.28%
Graft,$6254892,$0.022613,$21424,0.00%
BitDegree,$6238681,$0.017595,$4543,0.51%
DeviantCoin,$6121474,$2.51,$12796,-0.28%
BitClave,$6106282,$0.012179,$18697,-1.71%
Rubycoin,$6103240,$0.237116,$1589,-0.28%
Hubii Network,$6058478,$0.448231,$9162,0.57%
Nexium,$6033313,$0.090698,$6501,-0.28%
NaPoleonX,$6000626,$0.236898,$247739,0.18%
Bezop,$5973920,$0.109343,$558138,0.06%
adbank,$5970367,$0.012414,$3014,0.30%
OKCash,$5958009,$0.080450,$17113,1.62%
Zap,$5952285,$0.053376,$96781,-3.56%
Musicoin,$5935631,$0.007648,$13718,-1.91%
Matryx,$5890589,$0.253639,$87769,-0.11%
Novacoin,$5859837,$2.79,$7405,-0.34%
Effect.AI,$5818174,$0.028152,$9776,-0.11%
XPA,$5792106,$0.101300,$5065,0.61%
FoldingCoin,$5778294,$0.009543,$20428,-0.20%
CommerceBlock,$5733393,$0.033092,$33122,0.58%
Swarm City,$5732895,$0.693039,$22945,-0.30%
Playkey,$5698504,$0.418039,$455007,0.17%
Xaurum,$5610526,$0.044131,$28562,0.32%
IDEX Membership,$5556800,$2778.40,$18878,0.60%
Paragon,$5549119,$0.084158,$99494,1.12%
Pandacoin,$5519960,$0.000170,$2013,-9.35%
CoinFi,$5519255,$0.031987,$36488,0.51%
Elixir,$5517537,$0.172904,$10181,-0.01%
APX,$5513908,$7.84,$69000,-0.28%
LatiumX,$5483851,$0.066412,$4534370,-0.84%
EncrypGen,$5465690,$0.087845,$31962,2.42%
Gambit,$5464428,$4.55,$3452,-0.28%
0xBitcoin,$5454272,$1.90,$154951,4.04%
Leverj,$5317887,$0.045032,$1327,-4.97%
Digitex Futures,$5277076,$0.007539,$7005,0.49%
Helbiz,$5274476,$0.009919,$1485610,0.86%
MktCoin,$5246418,$0.004561,$26051,-0.97%
Solaris,$5208634,$3.79,$84000,-0.39%
Spectrecoin,$5196836,$0.250025,$7508,-0.31%
Debitum,$5180052,$0.027366,$24454,0.22%
Dotcoin,$5134614,$0.016773,$4566,0.35%
Change,$5115723,$0.137853,$5018,-0.25%
PinkCoin,$5099791,$0.013354,$21967,-7.78%
Waves Communi...,$5099432,$0.511755,$4945,-1.62%
Spectiv,$5022473,$0.017996,$190846,-0.17%
Patientory,$5019532,$0.071708,$132494,0.05%
Bounty0x,$5006783,$0.036231,$31224,-0.71%
Golos,$4996682,$0.040128,$2109,-0.17%
HEAT,$4981571,$0.143479,$601,-0.30%
Worldcore,$4930482,$0.028157,$111792,2.94%
Eroscoin,$4914411,$0.026316,$6129,-0.32%
Faceter,$4899634,$0.010625,$12065,0.28%
Mintcoin,$4897247,$0.000196,$4505,49.47%
Rentberry,$4887565,$0.019112,$18116,3.01%
CargoX,$4885392,$0.037850,$10926,0.26%
Dether,$4882237,$0.067341,$52297,10.48%
CanYaCoin,$4876262,$0.116519,$178886,-0.98%
Linker Coin,$4865355,$0.043142,$20340,1.78%
Morpheus Labs,$4856641,$0.027507,$663429,-1.03%
DAO.Casino,$4834026,$0.028899,$32801,0.60%
AdHive,$4795925,$0.044522,$73423,0.08%
Profile Utili...,$4747549,$0.104826,$1201520,-0.06%
NPER,$4743894,$0.095000,$1484690,0.02%
Ink Protocol,$4741325,$0.027234,$194384,0.50%
BioCoin,$4715943,$0.007509,$1238,-0.79%
Dero,$4697104,$1.80,$30362,-0.19%
Gladius Token,$4686812,$0.338349,$7709,0.46%
WeTrust,$4648832,$0.050450,$117373,1.21%
Circuits of V...,$4641000,$0.004641,$5111,-0.30%
ATBCoin,$4619056,$0.110265,$846082,-0.24%
Lendingblock,$4611770,$0.008141,$20777,-0.11%
AdShares,$4574205,$0.236038,$12593,-0.85%
Stipend,$4555740,$0.738639,$17002,1.99%
Starbase,$4544044,$0.024235,$810,0.60%
MaxCoin,$4542461,$0.073926,$6550,-1.10%
ALIS,$4521712,$0.116523,$3183,2.26%
Espers,$4520146,$0.000208,$4623,0.61%
Snovio,$4512130,$0.011142,$74570,1.46%
Sequence,$4512105,$0.098703,$1771,-0.28%
Zoin,$4487177,$0.251505,$20475,3.33%
Blue Protocol,$4481974,$0.122307,$2551,0.00%
AidCoin,$4472700,$0.110904,$522558,-0.93%
Colu Local Ne...,$4468375,$0.045018,$99686,0.09%
Energycoin,$4440545,$0.036409,$8407,-0.44%
Curecoin,$4361025,$0.182629,$4295,-2.46%
Block Array,$4325315,$0.063207,$6173,1.15%
TrueFlip,$4293953,$0.687333,$79786,1.82%
Privatix,$4287833,$3.63,$3711,-0.01%
Travala,$4270072,$0.156500,$10498,-0.14%
ToaCoin,$4268298,$0.001677,$23644,0.50%
Mysterium,$4242566,$0.184424,$120992,0.14%
Local World F...,$4233874,$0.045037,$1689,-4.08%
Pluton,$4232003,$4.98,$628,-1.02%
Devery,$4221611,$0.067097,$18455,0.65%
Dovu,$4210894,$0.052804,$2561,0.18%
Auroracoin,$4188643,$0.483781,$2696,-1.59%
Bitcrystals,$4164755,$0.179700,$1278,-0.30%
ClearPoll,$4149812,$0.592831,$16933,-0.12%
FedoraCoin,$4149027,$0.000020,$8694,-1.65%
B2BX,$4143188,$0.253396,$101521,-0.96%
EZToken,$4104327,$0.356898,$10825,-2.39%
Bee Token,$4101788,$0.024194,$7311,0.60%
AurumCoin,$4073696,$13.67,$714,-0.28%
SportyCo,$4052176,$0.076728,$469726,0.43%
Fidelium,$4032781,$0.036147,$120330,-0.33%
Leadcoin,$4030708,$0.005139,$350589,0.26%
Aditus,$4022072,$0.017180,$547361,2.21%
Primalbase Token,$4004738,$3203.79,$220083,-0.34%
Global Crypto...,$3991249,$0.004049,$78511,1.02%
Aventus,$3983310,$0.663885,$21360,-8.99%
Sphere,$3931273,$1.28,$3901,-0.91%
Peculium,$3924403,$0.003582,$242966,1.30%
IP Exchange,$3906634,$0.004869,$377393,0.28%
BuzzCoin,$3879637,$0.000196,$7178,49.27%
Syndicate,$3854532,$0.197348,$16237,-1.27%
Yocoin,$3812926,$0.033985,$23664,-1.06%
Vice Industry...,$3749756,$0.016250,$57258,2.81%
Auctus,$3728131,$0.223271,$27678,0.54%
ArtByte,$3728008,$0.004704,$11859,2.48%
JET8,$3713264,$0.008254,$6623,0.93%
FidentiaX,$3702605,$0.035263,$42646,0.17%
HOQU,$3694391,$0.024447,$241996,0.25%
ZrCoin,$3689467,$0.969090,$84026,-1.09%
Kore,$3671482,$1.82,$6737,-0.30%
Sether,$3621518,$0.209397,$6113,0.25%
Travelflex,$3595326,$0.045625,$24210,-2.96%
Zilla,$3581192,$0.093099,$34166,-0.21%
Payfair,$3570943,$0.040123,$4640,0.57%
Haven Protocol,$3548045,$1.20,$26228,-0.48%
MyBit Token,$3536465,$0.062503,$2535,3.39%
GoldCoin,$3508509,$0.085390,$11968,-0.18%
Oyster Shell,$3500379,$0.041330,$24084,0.01%
Interstellar ...,$3469267,$0.005363,$47360,-0.02%
Social Send,$3468339,$0.108133,$8714,-0.26%
Breakout Stake,$3441415,$0.549038,$695,-0.19%
Tokenbox,$3432143,$0.307546,$1697,-10.75%
HelloGold,$3371105,$0.012816,$3111,0.59%
Pesetacoin,$3366056,$0.025044,$5654,0.02%
TransferCoin,$3364053,$0.516684,$17133,0.23%
Monoeci,$3357374,$0.695414,$189889,-0.31%
Internet of P...,$3243000,$0.919780,$148120,-0.67%
HyperStake,$3236818,$0.002583,$21710,0.09%
Experty,$3228146,$0.119171,$100611,0.49%
Opus,$3211809,$0.022928,$2564,-0.35%
Insights Network,$3210854,$0.025154,$34799,-1.01%
BitcoinZ,$3160443,$0.001581,$59153,-0.08%
B3Coin,$3157225,$0.004332,$664,-0.25%
BitStation,$3149412,$0.001173,$49757,-0.03%
Internxt,$3141519,$4.99,$3764,0.16%
HEROcoin,$3126236,$0.026105,$126463,0.17%
FintruX Network,$3078290,$0.055536,$104839,-0.15%
Sharpe Platfo...,$3073923,$0.178923,$1851,0.60%
2GIVE,$3020781,$0.005816,$1706,-0.17%
Universal Cur...,$3020784,$0.213702,$57427,-0.30%
Bigbom,$3020344,$0.010612,$210042,0.10%
Monkey Project,$3014214,$2.64,$15660,-0.28%
ATLANT,$3001441,$0.079928,$5912,-0.43%
Qwark,$2998545,$0.052259,$2229,-0.29%
VeriME,$2997030,$0.024286,$24837,0.61%
Education Eco...,$2986400,$0.013712,$10307,5.31%
Tokia,$2983024,$0.070796,$295756,4.31%
Spectre.ai Ut...,$2977741,$0.121394,$5999,-2.94%
Bitcoin Plus,$2969452,$26.80,$153238,-2.00%
EuropeCoin,$2928699,$0.290618,$642,-0.28%
NuBits,$2914287,$0.284912,$26588,-0.60%
GeoCoin,$2842592,$0.896561,$2816,-0.31%
Tokes,$2839393,$0.846430,$5187,-0.06%
Denarius,$2799905,$0.928373,$4683,-0.33%
Ties.DB,$2771020,$0.067981,$502,-0.28%
SpreadCoin,$2728165,$0.267807,$3199,-0.31%
DopeCoin,$2726338,$0.023333,$1742,-0.30%
Starta,$2719245,$0.522930,$1307,-0.28%
ExclusiveCoin,$2657289,$0.573981,$11395,1.25%
Ethorse,$2642150,$0.026273,$3306,0.41%
Neutron,$2640889,$0.072766,$3617,-0.28%
Voise,$2627951,$0.005038,$69787,0.39%
FundRequest,$2608835,$0.083201,$1364,0.57%
Sharechain,$2604749,$0.001111,$42903,-0.28%
MagicCoin,$2575396,$0.347814,$3199,-2.82%
Karbo,$2537847,$0.419922,$7714,-0.27%
Naviaddress,$2532158,$0.010440,$121645,0.11%
Invacio,$2525671,$0.052507,$13268,10.48%
AMLT,$2512975,$0.030031,$44603,-0.88%
BlockCAT,$2512179,$0.341323,$702,0.68%
Riecoin,$2504730,$0.057588,$1824,-0.28%
Rupaya,$2484355,$0.095137,$9314,-0.25%
CryptoPing,$2464923,$0.247679,$178956,-0.91%
CampusCoin,$2428059,$0.005694,$24852,-2.43%
Viuly,$2424827,$0.003313,$26478,-0.88%
MyWish,$2409194,$0.127977,$2692,-0.30%
Memetic / Pep...,$2400507,$0.106306,$26102,-0.38%
Cryptopay,$2397427,$0.035491,$26737,0.61%
Zeitcoin,$2388126,$0.000065,$2007,-0.23%
Altcoin,$2373772,$19.27,$3638,-1.01%
Upfiring,$2370617,$0.141167,$26546,0.11%
Gatcoin,$2369880,$0.004473,$14659,1.40%
Open Trading ...,$2352723,$1.22,$31439,-0.50%
VeriumReserve,$2347951,$1.41,$5280,-0.30%
Masari,$2323935,$0.393816,$9727,-0.68%
Sociall,$2320290,$0.138823,$534,-1.45%
HiCoin,$2318987,$0.000523,$1296,-0.30%
Zephyr,$2305035,$0.018295,$1411,0.37%
Bitcloud,$2304752,$0.098609,$1599,9.03%
eBoost,$2282580,$0.114129,$5685,1.22%
Sense,$2244952,$0.017388,$928,0.58%
SyncFab,$2202107,$0.016257,$3793,0.37%
Capricoin,$2152393,$1.08,$153129,5.04%
Iungo,$2150892,$0.053772,$13927,0.34%
Publica,$2150807,$0.115741,$23825,-0.21%
Crave,$2141619,$0.139368,$1259,-2.10%
Lampix,$2124813,$0.015702,$47638,-0.25%
Parkgene,$2121284,$0.007582,$33280,-0.04%
Galactrum,$2106174,$1.38,$10179,-0.18%
Hush,$2097125,$0.512342,$4603,0.60%
Terracoin,$2084268,$0.090876,$4651,-0.29%
FlypMe,$2075350,$0.117659,$30066,-0.28%
COPYTRACK,$2063169,$0.092341,$1076,-4.41%
Bonpay,$2059261,$0.182392,$26248,-4.74%
XGOX,$2034252,$0.000876,$13802,1.98%
Autonio,$2028513,$0.030017,$46337,-1.39%
Indorse Token,$2018574,$0.054535,$120737,0.17%
Vezt,$2015130,$0.039066,$2414,0.07%
PHI Token,$2002996,$0.400808,$17161,0.11%
DigiPulse,$1971409,$0.871220,$2622,-0.24%
Tracto,$1950620,$0.072479,$1031,-1.80%
StarterCoin,$1946983,$0.006894,$37666,-0.20%
Breakout,$1931763,$0.101944,$1636,-0.27%
Blockpool,$1931487,$0.086638,$1309,-0.22%
FORCE,$1925195,$0.015627,$1082,-0.28%
Uniform Fisca...,$1896808,$0.000523,$981,-0.28%
Sexcoin,$1870311,$0.014698,$3330,-0.29%
Maverick Chain,$1846320,$0.018461,$421928,-0.50%
vTorrent,$1840265,$0.158579,$1657,0.49%
CannabisCoin,$1791547,$0.023197,$3219,1.01%
BiblePay,$1784935,$0.002572,$895,-0.30%
Pure,$1767101,$0.125276,$23772,0.89%
Bitmark,$1731750,$0.196099,$128163,-0.28%
Sumokoin,$1711104,$0.382891,$51616,-3.91%
Pylon Network,$1708843,$4.81,$42878,-0.28%
BunnyCoin,$1707502,$0.000017,$4356,0.28%
GCN Coin,$1698212,$0.000011,$2216,-1.33%
RefToken,$1639228,$2.24,$3999,0.00%
NuShares,$1634054,$0.000588,$6127,-0.28%
BlitzPredict,$1610721,$0.004580,$179846,1.42%
1World,$1599336,$0.077671,$62763,-0.15%
Stellite,$1565516,$0.000525,$13975,-2.13%
Chainium,$1557794,$0.026851,$4997,0.25%
ChainCoin,$1551667,$0.101645,$1670,-0.35%
EverGreenCoin,$1524885,$0.111996,$6765,-0.28%
Aigang,$1524394,$0.078897,$28955,-1.14%
Coinlancer,$1517866,$0.021479,$6141,1.09%
Xenon,$1499901,$0.005000,$1303,2.87%
Creditbit,$1489214,$0.089223,$8720,-1.68%
Nullex,$1477044,$0.036491,$6067,-0.27%
Chronologic,$1475076,$2.08,$4783,0.06%
Ignition,$1446922,$2.17,$14868,-2.98%
Verify,$1443638,$0.106866,$9687,0.54%
WandX,$1439616,$0.117576,$787,0.80%
Biotron,$1435967,$0.046807,$90699,0.14%
FirstCoin,$1431124,$0.045858,$51997,-2.91%
Argentum,$1409974,$0.145773,$1086,-0.27%
TokenStars,$1392039,$0.140606,$102966,0.11%
DigitalPrice,$1391030,$0.070323,$2303,3.05%
Ace,$1371851,$0.148384,$401195,0.16%
HunterCoin,$1356354,$0.059287,$4494,-0.19%
ConnectJob,$1332198,$0.011806,$9967,-0.28%
Condensate,$1326415,$0.006264,$1853,-0.30%
Fabric Token,$1319843,$0.053666,$7979,0.11%
Creativecoin,$1316017,$0.089220,$2879,-0.28%
TrezarCoin,$1307334,$0.013658,$3351,-0.46%
Daneel,$1295582,$0.038566,$11264,0.35%
onG.social,$1266618,$0.039482,$16600,0.58%
United Crypto...,$1265278,$0.980664,$734,-0.16%
Ergo,$1259687,$3.17,$2167,0.68%
TokenDesk,$1235434,$0.120198,$42528,-1.42%
Bytecent,$1218500,$0.559470,$17780,-1.40%
e-Gulden,$1210914,$0.072012,$779,-0.30%
Commodity Ad ...,$1210359,$0.037185,$724,0.16%
GoldMint,$1203621,$0.628524,$27670,-2.66%
BoutsPro,$1202169,$0.015691,$34774,-0.62%
Jiyo,$1193472,$0.032619,$3298,9.55%
Obsidian,$1193415,$0.047737,$5125,-0.23%
Signals Network,$1178353,$0.013781,$67223,0.33%
IntenseCoin,$1177024,$0.002733,$2816,1.59%
Photon,$1164447,$0.000050,$2131,0.51%
NEVERDIE,$1164208,$0.028392,$4236,1.78%
APR Coin,$1154246,$2.31,$181263,4.04%
LiteDoge,$1125662,$0.000075,$1681,0.06%
WeAreSatoshi,$1122523,$0.045756,$2154,-11.08%
MicroMoney,$1120749,$0.100598,$218497,0.41%
TrustPlus,$1117903,$0.034840,$1276,-0.30%
Jesus Coin,$1117543,$0.000061,$996,-0.23%
Bitswift,$1115997,$0.287285,$2374,0.01%
42-coin,$1101348,$26222.60,$3118,-0.24%
808Coin,$1080833,$0.000010,$5229,-7.86%
eBitcoin,$1075209,$0.056898,$5979,-0.80%
SkinCoin,$1069833,$0.012132,$16597,-0.60%
VIVO,$1061506,$0.505385,$4323,-0.58%
EtherSportz,$1053920,$0.213275,$1820,0.47%
Live Stars,$1051586,$0.026473,$31652,-0.28%
CryCash,$1047800,$0.230203,$1208,-0.27%
Tidex Token,$1026570,$0.108060,$18887,-0.54%
Zero,$1017055,$0.338728,$3006,-0.26%
Magnet,$1008997,$0.035963,$1900,-5.23%
STRAKS,$990776,$0.198509,$3562,-0.99%
Ellaism,$981913,$0.111105,$1394,-0.28%
Renos,$981162,$0.029415,$1160,-0.28%
Soma,$977403,$0.177600,$15132,3.23%
InflationCoin,$967551,$0.000022,$3999,63.61%
bitJob,$944031,$0.019649,$53968,0.51%
Hat.Exchange,$943896,$0.644830,$2893,-0.06%
BitWhite,$927859,$0.025543,$88745,0.11%
Speed Mining ...,$918333,$8.77,$1736,0.03%
FLiK,$915702,$0.015230,$2090,0.70%
Digitalcoin,$913191,$0.031131,$1053,-0.29%
UnbreakableCoin,$897429,$0.393929,$33415,7.95%
Megacoin,$896904,$0.024120,$1861,1.45%
Deutsche eMark,$893714,$0.022877,$684,-0.30%
Adzcoin,$890467,$0.020343,$13711,-0.49%
Tigereum,$886979,$0.060452,$1118,0.41%
Farad,$883663,$0.006537,$768,-0.28%
Emphy,$875906,$0.110974,$7213,0.60%
Miners' Rewar...,$872897,$0.087290,$6952,-2.76%
Innova,$859471,$0.238587,$2964,-3.69%
PlatinumBAR,$856889,$0.865560,$2670,-0.32%
Linx,$839090,$0.032551,$1536,1.32%
Earth Token,$837373,$0.004079,$47375,0.32%
Shekel,$832783,$0.007782,$3553,-2.75%
Origami,$831391,$0.196738,$5927,0.60%
DraftCoin,$816696,$0.103374,$5101,-0.27%
Transcodium,$798164,$0.022688,$165781,-8.46%
Authorship,$786940,$0.007872,$7975,-2.50%
Datarius Credit,$776709,$0.006669,$16208,-1.81%
Machinecoin,$770627,$0.035951,$1697,-0.64%
Unitus,$745850,$0.012681,$658,-1.30%
Legends Room,$742428,$0.371214,$6649,2.57%
Blocklancer,$741684,$0.006173,$6271,-0.14%
Nitro,$726630,$0.101079,$1502,0.57%
Bitdeal,$724611,$0.004127,$6724,-1.95%
Plancoin,$705285,$0.128887,$535507,0.67%
Qvolta,$705170,$0.098445,$1325,-3.80%
Masternodecoin,$704829,$0.013400,$965,-0.28%
Zetacoin,$700117,$0.004162,$26390,4.41%
Kolion,$690799,$0.986117,$7394,-2.06%
Anoncoin,$689717,$0.326831,$9132,-0.28%
Wild Crypto,$671957,$0.027569,$4308,0.74%
Dix Asset,$669042,$0.000007,$3077,-6.66%
EquiTrader,$641541,$0.059590,$1422,-0.28%
Fantomcoin,$617949,$0.084976,$712,-0.28%
SagaCoin,$606257,$0.156248,$2401,-3.43%
Cryptonite,$600662,$0.001435,$516,-0.31%
Unify,$585923,$0.032805,$796,-0.25%
PetroDollar,$565600,$0.008838,$4215,-0.28%
Numus,$560634,$0.203802,$1127,-3.95%
MCAP,$556924,$0.053091,$10402,-0.13%
DeusCoin,$548567,$0.049510,$2991,3.70%
Bata,$546719,$0.108766,$1476,0.14%
Fitrova,$542211,$0.000076,$2823,0.70%
FlutterCoin,$542054,$0.001242,$619,-0.28%
Suretly,$542039,$2.44,$31531,0.40%
ELTCOIN,$540023,$0.006000,$4273,0.38%
Equal,$529712,$0.001634,$1052,-0.28%
FujiCoin,$489870,$0.000374,$643,-0.18%
RouletteToken,$475540,$0.046541,$7279,-0.04%
InsaneCoin,$471465,$0.022843,$1496,2.14%
GreenMed,$470081,$0.040993,$15041,4.92%
Qbic,$458976,$0.213570,$2797,-0.28%
Vulcano,$455011,$0.000239,$1034,-15.71%
ArbitrageCT,$453033,$0.005295,$16435,0.87%
Jetcoin,$439795,$0.064451,$22204,-0.43%
ProCurrency,$431997,$0.004380,$7030,1.21%
Mao Zedong,$429314,$0.068504,$611,-0.28%
Happycoin,$423953,$0.029163,$611,0.77%
Bitsum,$415892,$0.000458,$7092,-1.72%
Guncoin,$411201,$0.001896,$612,-0.30%
Zilbercoin,$409130,$0.055692,$2806,-0.28%
WhaleCoin,$401142,$0.040200,$75159,1.36%
Minereum,$399626,$0.127982,$3991,-0.28%
Leviar,$394709,$0.032552,$633,-0.28%
Intelligent T...,$390026,$0.039799,$955,0.39%
Veros,$383898,$0.030596,$5317,-1.01%
Growers Inter...,$382861,$0.322779,$2869,-0.28%
Startcoin,$377177,$0.008367,$920,-1.43%
Billionaire T...,$373858,$0.114390,$732,-0.28%
Rimbit,$355421,$0.001799,$3465,0.43%
CryptoCarbon,$344573,$0.096733,$6624,-0.11%
Centurion,$342154,$0.004406,$1560,-0.29%
BriaCoin,$341681,$0.459600,$1193,0.00%
Bitair,$326484,$0.000466,$1562,-1.16%
WCOIN,$326180,$0.091386,$32143,0.44%
DigiCube,$317567,$0.000131,$335999,-0.30%
UltraCoin,$315329,$0.006602,$780,-0.30%
Dashcoin,$307536,$0.017499,$1122,2.12%
Litecoin Plus,$298865,$0.196099,$6475,-0.28%
Nyancoin,$295408,$0.000915,$919,-0.28%
VoteCoin,$283404,$0.009112,$852,-0.26%
Sugar Exchange,$282866,$0.080819,$3103,0.15%
Pakcoin,$255041,$0.004522,$1448,2.72%
Kubera Coin,$250529,$0.002189,$3071,-0.28%
Ethereum Gold,$211218,$0.017601,$731,-0.20%
Phantomx,$210661,$0.008198,$778,-0.73%
Senderon,$204793,$0.004641,$1211,-0.28%
Bitcoin Red,$201809,$0.009820,$562,-0.27%
Octanox,$194465,$0.022878,$1375,2.63%
Coin(O),$185887,$0.001765,$26418,4.70%
LeaCoin,$167550,$0.000458,$540,-0.28%
Golfcoin,$166033,$0.000131,$1413,-0.28%
Steneum Coin,$158554,$0.057181,$4444,-0.48%
SpeedCash,$155443,$0.299402,$1347,-0.28%
8Bit,$152556,$0.103932,$732,-0.30%
Octoin Coin,$152207,$0.380044,$1040690,0.10%
Titcoin,$151447,$0.003035,$1132,-5.72%
Escroco,$151253,$0.070203,$2202,-0.28%
DigitalDevelo...,$150511,$0.029406,$13903,-0.14%
bitEUR,$146461,$1.36,$1661,0.27%
CoinonatX,$144173,$0.007625,$779,-0.28%
Pascal Lite,$140830,$0.028042,$621,-0.30%
Garlicoin,$135729,$0.014025,$794,-0.28%
Bitcoin Fast,$133173,$0.009021,$585,-0.30%
Theresa May Coin,$132619,$0.002804,$826,-2.79%
PlusCoin,$131120,$0.000025,$14047,0.60%
X-Coin,$131076,$0.010583,$11198,-4.48%
OP Coin,$130656,$0.000915,$10212,-0.28%
Tokugawa,$129956,$0.127203,$2242,-7.60%
Fujinto,$129038,$0.001961,$2085,-0.28%
GlobalToken,$125261,$0.004478,$595,2.91%
RevolverCoin,$124095,$0.005425,$2607,-0.28%
Cabbage,$123542,$0.011766,$5464,-8.42%
Bolivarcoin,$121104,$0.011472,$795,-3.03%
Peerguess,$117037,$0.005505,$4895,1.96%
Desire,$112681,$0.037608,$14400,-2.58%
StarCash Network,$106669,$0.111123,$8953,-15.24%
HomeBlockCoin,$70265,$0.014053,$2993,-0.25%
AmsterdamCoin,$68912,$0.001373,$875,-0.28%
BipCoin,$60523,$0.037193,$2295,-8.04%
Pioneer Coin,$60482,$0.021048,$539,0.03%
BitCoal,$46038,$0.010231,$997,-0.14%
GeyserCoin,$19427,$0.414531,$965,-0.29%
Coupecoin,$14270,$0.000065,$25459,-1.20%
WomenCoin,$11562,$0.000261,$117969,-0.30%
SocialCoin,$8871,$0.006406,$553,30.29%
Artex Coin,$5691,$0.000303,$559,-0.28%
Project-X,$3121,$39873.40,$746,-0.30%
HarmonyCoin,$2661,$0.004741,$6289,-0.30%
FuturXe,$15,$0.000062,$561,0.25%
Mixin,$326669330,$746.13,?,-9.82%
DEW,$51015611,$0.494124,Low Vol,-1.16%
PayPie,$31182855,$0.377974,Low Vol,0.60%
OracleChain,$21219240,$0.707308,Low Vol,0.91%
FairCoin,$19836778,$0.372915,Low Vol,-0.30%
Lykke,$18983968,$0.059922,?,-0.30%
Credo,$17598624,$0.032004,Low Vol,-0.24%
Peerplays,$16300910,$3.69,Low Vol,0.25%
Grid+,$13925227,$0.354905,Low Vol,0.61%
Tao,$12425844,$0.376837,Low Vol,-0.28%
SureRemit,$9478400,$0.018957,Low Vol,0.81%
bitqy,$9305798,$0.002990,Low Vol,-0.30%
Rise,$8232531,$0.065421,Low Vol,-0.30%
Guaranteed Et...,$7204620,$0.024015,?,-0.30%
SRCOIN,$7030329,$0.001392,?,-0.30%
Ecobit,$6710933,$0.015100,Low Vol,-0.28%
Stealth,$5449157,$0.187523,Low Vol,-0.69%
Hedge,$5393236,$1.45,Low Vol,-5.13%
BitConnect,$4853978,$0.503588,Low Vol,-0.28%
KiloCoin,$4626429,$0.023568,Low Vol,1.34%
Atmos,$4220107,$0.041965,Low Vol,-0.30%
Astro,$4180169,$1.26,Low Vol,0.60%
AsiaCoin,$4070843,$0.002484,Low Vol,-0.28%
OBITS,$4037322,$0.257571,Low Vol,0.36%
REAL,$3770831,$0.374990,Low Vol,0.88%
CHIPS,$3379219,$0.160987,Low Vol,-0.44%
BitDice,$3153892,$0.045056,Low Vol,-0.37%
Hackspace Cap...,$3150447,$0.009740,Low Vol,-0.28%
E-coin,$2932134,$8.37,Low Vol,-0.28%
PoSW Coin,$2911478,$0.066020,Low Vol,-0.28%
Goodomy,$2802447,$0.004516,Low Vol,-0.32%
Elite,$2466188,$0.000094,Low Vol,0.55%
Ethbits,$2235736,$1.61,Low Vol,-0.30%
Quark,$2217336,$0.008677,Low Vol,-0.30%
BlueCoin,$2216331,$0.003857,Low Vol,-0.30%
Bullion,$2136148,$2.10,Low Vol,-0.28%
LuckChain,$2105712,$0.002941,Low Vol,-0.30%
Ixcoin,$2080564,$0.099063,Low Vol,-0.83%
vSlice,$2073480,$0.062098,Low Vol,-0.30%
LOCIcoin,$1959208,$0.053650,Low Vol,-0.09%
Mercury Protocol,$1726957,$0.010140,Low Vol,0.57%
TeslaCoin,$1679942,$0.022225,Low Vol,0.01%
EncryptoTel [...,$1667253,$0.026834,Low Vol,-36.93%
Vsync,$1605753,$0.010001,Low Vol,-0.30%
imbrex,$1590089,$0.183597,Low Vol,0.57%
Darcrus,$1464531,$0.107683,Low Vol,-2.02%
SmileyCoin,$1436957,$0.000055,Low Vol,0.20%
PutinCoin,$1297405,$0.002982,Low Vol,-0.73%
Magi,$1257948,$0.155958,Low Vol,-0.63%
Kobocoin,$1254516,$0.050790,Low Vol,-0.28%
Carboncoin,$1251833,$0.000081,Low Vol,0.00%
TrakInvest,$1248280,$0.015200,Low Vol,0.60%
AudioCoin,$1233698,$0.001372,Low Vol,-0.30%
NobleCoin,$1218444,$0.000523,Low Vol,13.94%
RussiaCoin,$1205886,$0.143937,Low Vol,-0.30%
Version,$1154708,$0.002294,Low Vol,-0.17%
Canada eCoin,$1139820,$0.011701,Low Vol,-0.28%
HireMatch,$1103318,$0.034372,Low Vol,-0.01%
IncaKoin,$1095442,$0.000072,Low Vol,0.17%
The Cypherfunks,$1078560,$0.000022,Low Vol,0.24%
EventChain,$1056995,$0.033823,Low Vol,-0.14%
I0Coin,$1044203,$0.049744,Low Vol,-0.30%
Bitzeny,$963646,$0.012744,Low Vol,-3.04%
BelugaPay,$953386,$0.192663,Low Vol,0.60%
EBCH,$949795,$0.102288,Low Vol,0.51%
Orbitcoin,$907550,$0.281794,Low Vol,-0.30%
Sovereign Hero,$876356,$183.61,Low Vol,0.18%
Shorty,$830152,$0.008302,Low Vol,-0.28%
Bowhead,$821880,$0.102735,Low Vol,-34.55%
WorldCoin,$813099,$0.006798,Low Vol,-0.30%
KekCoin,$783699,$0.073210,Low Vol,-0.30%
Monster Byte,$780743,$0.046410,Low Vol,-0.30%
InPay,$751712,$0.075171,Low Vol,-0.28%
Musiconomi,$749324,$0.027062,Low Vol,-0.28%
PopularCoin,$748536,$0.000196,Low Vol,-0.30%
Universe,$740376,$0.028500,Low Vol,-0.28%
Woodcoin,$734798,$0.091447,Low Vol,-0.28%
Onix,$728243,$0.006798,Low Vol,-0.62%
Etheriya,$709959,$0.448906,Low Vol,-0.28%
MarteXcoin,$704585,$0.233250,Low Vol,0.00%
FundYourselfNow,$678183,$0.731292,Low Vol,3.27%
Global Jobcoin,$668793,$0.049669,?,3.27%
Dinastycoin,$652337,$0.000392,Low Vol,-0.30%
Fantasy Cash,$639246,$0.138903,Low Vol,-0.28%
UniCoin,$619434,$0.204596,Low Vol,-0.30%
QubitCoin,$618172,$0.002484,Low Vol,-0.30%
Elcoin,$600084,$0.053536,Low Vol,-0.22%
Advanced Tech...,$597323,$0.024048,Low Vol,0.20%
Motocoin,$593193,$0.030199,Low Vol,-6.93%
StarCredits,$588002,$0.130667,Low Vol,-0.28%
Zennies,$578070,$0.000578,Low Vol,10.14%
Embers,$558880,$0.011178,Low Vol,-0.28%
Oceanlab,$531123,$0.011422,Low Vol,-2.01%
MetalCoin,$523027,$0.006799,Low Vol,-2.01%
NetCoin,$514516,$0.000654,Low Vol,-0.30%
Moin,$510769,$0.066645,Low Vol,-0.35%
PiplCoin,$507263,$0.006079,Low Vol,-0.28%
bitSilver,$492946,$22.65,Low Vol,0.35%
Trollcoin,$488921,$0.000850,Low Vol,-0.28%
Piggycoin,$480671,$0.000980,Low Vol,-0.28%
MAZA,$480229,$0.000455,Low Vol,0.63%
LanaCoin,$477082,$0.000523,Low Vol,-0.30%
Aerium,$476349,$0.004249,Low Vol,-0.28%
BigUp,$474253,$0.000222,Low Vol,-0.36%
Truckcoin,$453309,$0.002353,Low Vol,-0.30%
HoboNickels,$452881,$0.007060,Low Vol,-0.28%
ShadowCash,$446826,$0.066739,Low Vol,-0.28%
BTCtalkcoin,$443553,$0.006794,Low Vol,1.11%
DCORP Utility,$439937,$0.124615,Low Vol,-0.23%
Ethereum Movi...,$439509,$0.066930,Low Vol,-45.84%
Cream,$437292,$0.009694,Low Vol,-0.30%
Netko,$412801,$0.073713,Low Vol,-0.44%
Bitstar,$406178,$0.017599,Low Vol,1.24%
Elementrem,$392811,$0.015034,Low Vol,-0.28%
Phoenixcoin,$390665,$0.005818,Low Vol,-0.30%
Digital Money...,$389641,$0.004576,Low Vol,-0.28%
iTicoin,$388339,$12.14,Low Vol,-0.22%
BritCoin,$386480,$0.018172,Low Vol,-0.28%
Bitradio,$385489,$0.059414,Low Vol,-1.23%
Skeincoin,$383994,$0.028761,Low Vol,-1.79%
AquariusCoin,$382987,$0.214859,Low Vol,-0.28%
Fastcoin,$380502,$0.002425,Low Vol,1.45%
Cashcoin,$373967,$0.007844,Low Vol,-0.30%
Halcyon,$366703,$0.061314,Low Vol,-0.30%
Bitcoin Scrypt,$357677,$0.020590,Low Vol,-0.28%
bitBTC,$354014,$6791.29,Low Vol,0.33%
Opal,$347760,$0.022957,Low Vol,-0.28%
Regalcoin,$347174,$0.027125,Low Vol,-0.24%
iEthereum,$343149,$0.019083,Low Vol,-0.28%
TrumpCoin,$339683,$0.051466,Low Vol,-0.30%
Ethereum Cash,$336408,$0.023859,Low Vol,-0.28%
Joulecoin,$325087,$0.009021,Low Vol,-0.28%
TittieCoin,$324588,$0.000258,Low Vol,-0.30%
Triangles,$315695,$2.78,Low Vol,1.23%
BitBar,$311470,$8.28,Low Vol,-0.28%
TagCoin,$311213,$0.048371,Low Vol,-0.28%
Bitcurrency,$310410,$0.001830,Low Vol,-0.30%
Synergy,$309324,$0.082675,Low Vol,0.37%
Bitgem,$308349,$5.05,Low Vol,-0.30%
BitTokens,$308254,$0.517701,Low Vol,-0.28%
bitGold,$307970,$1625.30,Low Vol,1.65%
Aricoin,$303866,$0.001307,Low Vol,-0.28%
EthBet,$301833,$0.035491,Low Vol,4.87%
ICO OpenLedger,$288156,$0.618425,?,-0.55%
BlazeCoin,$283613,$0.000466,Low Vol,-0.29%
TEKcoin,$276393,$0.000195,Low Vol,49.09%
HOdlcoin,$268563,$0.001634,Low Vol,-0.30%
PayCon,$267928,$0.011628,Low Vol,-2.14%
BlockPay,$267065,$0.049199,Low Vol,0.33%
Accelerator N...,$264252,$0.651737,Low Vol,0.57%
AdCoin,$260745,$0.040582,Low Vol,-0.30%
Bit20,$254392,$250386,Low Vol,0.33%
ChessCoin,$254298,$0.004706,Low Vol,-0.28%
Newbium,$249119,$0.004982,Low Vol,1.17%
CryptoInsight,$249020,$0.019874,Low Vol,0.38%
GlobalCoin,$242819,$0.003726,Low Vol,-0.28%
Tigercoin,$241896,$0.005556,Low Vol,-0.30%
PayCoin,$239637,$0.020133,Low Vol,-0.30%
Crystal Clear ,$239142,$0.046220,Low Vol,0.47%
WavesGo,$236433,$0.026026,Low Vol,-2.01%
Ultimate Secu...,$234604,$0.022682,Low Vol,-0.28%
Prototanium,$231819,$1.18,Low Vol,0.80%
Impact,$230086,$0.002092,Low Vol,-0.30%
Blakecoin,$229256,$0.012420,Low Vol,-0.30%
Sterlingcoin,$227597,$0.053666,Low Vol,2.46%
Tattoocoin (S...,$224601,$0.002484,Low Vol,-0.28%
KushCoin,$217990,$0.039224,Low Vol,1.21%
Evil Coin,$215722,$0.010263,Low Vol,-0.28%
CarTaxi Token,$213958,$0.005359,Low Vol,0.11%
Marscoin,$212577,$0.007517,Low Vol,8.18%
ParallelCoin,$206864,$0.657299,Low Vol,-0.29%
TOKYO,$205120,$0.001268,Low Vol,1.63%
DaxxCoin,$204293,$0.000392,Low Vol,-14.54%
IrishCoin,$204035,$0.005752,Low Vol,-0.28%
SuperCoin,$201864,$0.004118,Low Vol,-2.11%
Joincoin,$200654,$0.064255,Low Vol,-0.30%
PureVidz,$199586,$0.001593,Low Vol,-1.36%
SmartCoin,$199574,$0.008104,Low Vol,-0.30%
CannaCoin,$198848,$0.042292,Low Vol,-0.28%
Ammo Reloaded,$196595,$0.002528,Low Vol,0.33%
ERC20,$195610,$0.000124,Low Vol,0.61%
Atomic Coin,$195207,$0.011931,Low Vol,-0.28%
Gapcoin,$192290,$0.014446,Low Vol,-0.28%
Kurrent,$191419,$0.003119,Low Vol,-0.30%
Philosopher S...,$189597,$0.031524,Low Vol,-16.29%
Manna,$188413,$0.004314,Low Vol,-0.28%
Grimcoin,$188260,$0.001104,Low Vol,-0.01%
PostCoin,$187804,$0.011835,Low Vol,-0.28%
SpaceCoin,$186853,$0.008026,Low Vol,-0.28%
Cryptojacks,$182924,$0.000450,Low Vol,-0.30%
Bitz,$181671,$0.091251,Low Vol,-0.30%
Datacoin,$180988,$0.005687,Low Vol,-0.30%
MojoCoin,$178905,$0.014642,Low Vol,-0.28%
ReeCoin,$175206,$0.000068,?,-5.28%
GoldBlocks,$172641,$0.011100,Low Vol,-0.28%
GlobalBoost-Y,$171619,$0.011798,Low Vol,-0.29%
Safe Trade Coin,$170909,$0.000523,Low Vol,-0.30%
SecureCoin,$170754,$0.019741,Low Vol,-0.28%
DROXNE,$169858,$0.002288,Low Vol,-0.28%
Nekonium,$168656,$0.014054,Low Vol,-0.29%
Helleniccoin,$168305,$0.002501,Low Vol,0.18%
LiteBar,$166151,$0.177796,Low Vol,-0.28%
Darsek,$164088,$0.007452,Low Vol,-0.30%
Ratecoin,$162859,$0.001330,Low Vol,-0.28%
Mineum,$161607,$0.017126,Low Vol,-0.30%
Granite,$159430,$0.004053,Low Vol,-0.30%
300 Token,$155583,$518.61,Low Vol,-0.28%
Freicoin,$152449,$0.004902,Low Vol,-2.89%
C-Bit,$151839,$0.000963,Low Vol,-0.28%
BERNcash,$150847,$0.002118,Low Vol,-3.32%
Sativacoin,$148853,$0.020983,Low Vol,1.47%
IslaCoin,$148715,$0.098245,Low Vol,-0.30%
Jin Coin,$148445,$0.014904,Low Vol,-0.30%
Emerald Crypto,$147455,$0.007713,Low Vol,-0.30%
Virtacoin,$142417,$0.000027,Low Vol,0.24%
Signatum,$134098,$0.001242,Low Vol,-0.30%
CrowdCoin,$130238,$0.046998,Low Vol,-0.28%
Influxcoin,$129509,$0.077394,Low Vol,-0.28%
SatoshiMadness,$129304,$0.000065,Low Vol,0.05%
EagleCoin,$129176,$0.061706,Low Vol,-0.28%
OctoCoin,$129046,$0.002353,Low Vol,-1.07%
RonPaulCoin,$128775,$0.137089,Low Vol,-0.29%
NevaCoin,$127154,$0.041559,Low Vol,-0.27%
ChanCoin,$126546,$0.014054,Low Vol,-0.28%
iCoin,$126434,$0.004249,Low Vol,-0.28%
FinCoin,$125433,$0.009740,Low Vol,-0.30%
BumbaCoin,$125192,$0.005438,Low Vol,-0.29%
Swing,$124820,$0.037092,Low Vol,-0.61%
MustangCoin,$124058,$0.196811,Low Vol,-0.28%
Crypto,$122170,$0.008890,Low Vol,-0.30%
RedCoin,$121104,$0.001634,Low Vol,-0.30%
BoostCoin,$117017,$0.009870,Low Vol,-0.28%
GameUnits,$116519,$0.033550,Low Vol,0.45%
Coin2.1,$116412,$0.001488,Low Vol,0.17%
ParkByte,$114909,$0.024120,Low Vol,-0.28%
Ccore,$113599,$0.078344,Low Vol,0.00%
SixEleven,$110197,$0.245516,Low Vol,-0.28%
ZoZoCoin,$110185,$0.056607,Low Vol,-0.30%
Quatloo,$109993,$0.014250,Low Vol,-0.30%
QuazarCoin,$109456,$0.015345,?,-0.30%
Rubies,$108929,$0.010459,Low Vol,-0.28%
Polcoin,$107649,$0.001373,Low Vol,-0.28%
Scorecoin,$106401,$0.002549,Low Vol,-0.30%
Catcoin,$104041,$0.015949,Low Vol,-0.30%
Mincoin,$103000,$0.022551,Low Vol,-0.45%
Firecoin,$100580,$1.02,Low Vol,-0.45%
YENTEN,$99482,$0.012527,Low Vol,-4.05%
Prime-XI,$97030,$0.004617,Low Vol,-0.34%
SecretCoin,$95482,$0.022580,Low Vol,1.02%
Network Token,$95271,$0.006110,Low Vol,0.61%
Zurcoin,$95169,$0.001086,Low Vol,-1.14%
Bankcoin,$95158,$0.009246,Low Vol,-2.02%
TajCoin,$94965,$0.009925,Low Vol,-0.28%
Solarflarecoin,$93849,$0.006664,Low Vol,-0.29%
Quebecoin,$91708,$0.005883,Low Vol,-0.28%
Acoin,$91501,$0.074995,Low Vol,-0.28%
Dalecoin,$91230,$0.194991,Low Vol,-0.30%
Eryllium,$86500,$0.006911,Low Vol,-0.30%
Global Tour Coin,$84006,$0.002811,Low Vol,-0.28%
BROTHER,$83669,$0.000523,Low Vol,-0.28%
Neuro,$81099,$0.001503,Low Vol,-0.30%
Eternity,$80312,$0.018566,Low Vol,-0.30%
BOAT,$79109,$0.001111,Low Vol,-5.84%
High Voltage,$78013,$0.052211,Low Vol,13.59%
SOILcoin,$77526,$0.013596,Low Vol,-0.28%
PX,$77066,$0.000784,Low Vol,1.09%
EcoCoin,$76002,$0.065366,Low Vol,-0.33%
BitQuark,$71285,$0.006929,Low Vol,-0.82%
Debitcoin,$70594,$0.003922,Low Vol,-0.28%
Bitcoin Planet,$69830,$0.010263,Low Vol,-0.30%
SoonCoin,$68429,$0.005491,Low Vol,-0.30%
Eurocoin,$68176,$0.005491,Low Vol,0.92%
PoSToken,$67748,$0.066935,Low Vol,-0.28%
Comet,$67265,$0.077065,Low Vol,-0.30%
Digital Rupees,$67199,$0.000132,Low Vol,-19.41%
ExchangeN,$66674,$0.013073,Low Vol,-0.28%
Visio,$65440,$0.001281,Low Vol,-0.30%
FUNCoin,$65201,$0.011148,Low Vol,-1.61%
GoldPieces,$64199,$0.052615,Low Vol,0.93%
Californium,$63819,$0.026081,Low Vol,-0.28%
Advanced Inte...,$63211,$0.001961,Low Vol,-0.28%
Abjcoin,$63189,$0.007645,Low Vol,-0.28%
Allion,$59974,$0.009674,Low Vol,-0.28%
Ethereum Dark,$59810,$0.039873,Low Vol,-0.28%
Money,$56990,$0.001242,Low Vol,-0.28%
Dollarcoin,$56551,$0.006210,Low Vol,-0.30%
CompuCoin,$56415,$0.002876,Low Vol,-0.30%
Elysium,$56381,$0.004445,Low Vol,-0.28%
Shadow Token,$54450,$0.007779,Low Vol,-0.30%
JobsCoin,$54410,$0.000513,Low Vol,-0.70%
CacheCoin,$53618,$0.012781,Low Vol,-0.30%
Useless Ether...,$53240,$0.013425,?,-0.30%
BitAsean,$53236,$0.010647,Low Vol,0.61%
Bitcoin 21,$53058,$0.066899,Low Vol,0.45%
Honey,$52890,$0.115999,Low Vol,-0.30%
Beatcoin,$52639,$0.034524,Low Vol,-0.28%
MACRON,$52479,$0.000131,Low Vol,-0.28%
Trident Group,$52232,$0.049135,Low Vol,-0.19%
BenjiRolls,$51695,$0.002550,Low Vol,0.36%
Bolenum,$51579,$0.005158,Low Vol,0.33%
VapersCoin,$50994,$0.000065,Low Vol,-0.28%
LiteBitcoin,$47321,$0.001635,Low Vol,-4.58%
SongCoin,$46831,$0.001438,Low Vol,-0.28%
Marijuanacoin,$46607,$0.028565,Low Vol,-0.53%
FuzzBalls,$46123,$0.009549,Low Vol,-0.30%
MindCoin,$44691,$0.002816,Low Vol,-7.36%
Coinonat,$43255,$0.005016,Low Vol,-0.28%
Virta Unique ...,$42692,$0.000689,Low Vol,-0.28%
Metal Music Coin,$41582,$0.000522,Low Vol,1.28%
Flaxscript,$41524,$0.007386,Low Vol,-0.28%
Iconic,$41443,$0.069899,Low Vol,0.00%
Jewels,$41157,$0.002039,Low Vol,-7.61%
Gold Pressed ...,$41082,$0.160147,Low Vol,-15.07%
ZetaMicron,$39242,$0.000065,Low Vol,-0.28%
GuccioneCoin,$38454,$0.001896,Low Vol,-0.28%
BnrtxCoin,$38419,$0.001177,Low Vol,-0.30%
DAPPSTER,$37879,$0.000379,Low Vol,-0.30%
Slevin,$36897,$0.000527,Low Vol,-20.56%
JavaScript Token,$36823,$0.004607,Low Vol,0.45%
AllSafe,$36450,$0.004445,Low Vol,-0.28%
Roofs,$33990,$0.000261,Low Vol,-20.23%
Luna Coin,$33843,$0.019833,Low Vol,-4.55%
Master Swiscoin,$32544,$0.000721,Low Vol,0.27%
Asiadigicoin,$31532,$0.001265,Low Vol,-0.16%
Veltor,$31246,$0.056314,Low Vol,1.24%
HealthyWormCoin,$30170,$0.000261,Low Vol,-0.28%
PonziCoin,$29587,$0.034359,Low Vol,-15.32%
Creatio,$29499,$0.001438,Low Vol,1.15%
ICOBID,$27989,$0.000261,Low Vol,-0.30%
Zayedcoin,$27753,$0.004445,Low Vol,-0.30%
Independent M...,$26526,$0.004941,Low Vol,-13.91%
ARbit,$26275,$0.003203,Low Vol,-0.30%
GeertCoin,$26052,$0.005117,Low Vol,-0.30%
Kronecoin,$24898,$0.003530,Low Vol,-0.28%
Dreamcoin,$23660,$0.009543,Low Vol,-0.28%
CryptoWorldX ...,$23387,$0.000392,Low Vol,-0.30%
PIECoin,$23102,$0.002090,Low Vol,1.11%
Credence Coin,$23073,$0.006733,Low Vol,-0.28%
ImpulseCoin,$21158,$0.001045,Low Vol,1.12%
KingN Coin,$21012,$10.46,Low Vol,-0.28%
Interzone,$20629,$0.007779,Low Vol,-0.30%
VectorAI,$20385,$0.001177,Low Vol,-0.30%
GlassCoin,$20150,$0.006537,Low Vol,-0.28%
Litecred,$19760,$0.000654,Low Vol,-36.53%
LetItRide,$18971,$0.000507,Low Vol,-13.81%
Cannation,$18457,$0.007452,Low Vol,-0.28%
MiloCoin,$18002,$0.001668,Low Vol,-0.28%
PLNcoin,$17873,$0.001046,Low Vol,-0.28%
RSGPcoin,$16951,$9.79,Low Vol,-0.28%
AnarchistsPrime,$16375,$0.003726,Low Vol,-0.30%
PlayerCoin,$16070,$0.000458,Low Vol,-0.28%
Destiny,$15688,$0.009805,Low Vol,-0.28%
PosEx,$14906,$0.006076,Low Vol,1.14%
LiteCoin Ultra,$13348,$0.012942,Low Vol,-0.28%
PRCoin,$13009,$0.000588,Low Vol,-0.30%
BowsCoin,$12335,$0.002222,Low Vol,-0.30%
Dollar Online,$12269,$0.016276,Low Vol,4.03%
Royal Kingdom...,$12178,$0.004510,Low Vol,-0.30%
Argus,$11707,$0.010195,Low Vol,-0.28%
Bitvolt,$10843,$0.000654,Low Vol,8.78%
Wild Beast Block,$10429,$0.057326,Low Vol,-0.28%
Save and Gain,$8612,$0.002810,Low Vol,-0.27%
Rawcoin,$7003,$0.009936,Low Vol,-0.30%
iBank,$6834,$0.001510,Low Vol,-17.92%
BioBar,$5327,$0.006014,Low Vol,-0.28%
Coimatic 2.0,$5308,$0.000392,Low Vol,-0.28%
NodeCoin,$5167,$0.003078,Low Vol,-18.48%
CrevaCoin,$4917,$0.000135,Low Vol,-0.03%
Concoin,$4639,$0.006233,Low Vol,1.57%
Coimatic 3.0,$4535,$0.002007,Low Vol,-0.30%
Vault Coin,$3972,$0.000131,Low Vol,-0.30%
Magnum,$3385,$0.000784,Low Vol,-0.30%
Ulatech,$2758,$0.012937,Low Vol,-0.36%
GBCGoldCoin,$2386,$0.000210,Low Vol,-0.36%
LevoPlus,$2015,$0.000981,Low Vol,-0.28%
Tristar Coin,$986,$0.000196,Low Vol,-0.28%
Ebittree Coin,$669,$0.000529,Low Vol,-10.17%
POLY AI,$296,$0.000130,Low Vol,-0.13%
CK USD,?,$0.965336,$75309600,0.36%
ATMCoin,?,$4.00,$22837600,0.00%
Penta,?,$0.018484,$17542500,0.19%
ZIP,?,$0.004008,$10725500,-1.19%
Skrumble Network,?,$0.030424,$8832510,-0.18%
Content Neutr...,?,$0.002286,$7947750,0.67%
Pundi X,?,$0.014222,$7578570,3.79%
OFCOIN,?,$0.001022,$7233960,0.06%
Super Game Chain,?,$0.002238,$5462260,0.83%
Seele,?,$0.263433,$4884300,0.95%
OceanChain,?,$0.002970,$4278540,0.51%
Kcash,?,$0.083703,$3760500,0.24%
Content and A...,?,$0.012419,$3724680,0.10%
Bezant,?,$0.092556,$3397500,-0.07%
Libra Credit,?,$0.147887,$3189390,0.15%
PCHAIN,?,$0.098494,$2854970,-0.16%
TrustNote,?,$0.056317,$2735850,-0.02%
Acute Angle C...,?,$0.070860,$2720220,0.64%
Open Platform,?,$0.131333,$2692350,-0.14%
Tripio,?,$0.013426,$2423540,0.58%
EduCoin,?,$0.001768,$2247740,0.25%
TRAXIA,?,$0.033633,$2192610,-0.16%
Infinity Econ...,?,$0.009865,$2082430,1.90%
UnlimitedIP,?,$0.026655,$1955130,0.63%
RealChain,?,$0.027194,$1842510,1.92%
Cybereits,?,$0.024802,$1773810,0.86%
StarChain,?,$0.051454,$1692490,-3.96%
Super Bitcoin,?,$9.61,$1533670,-14.75%
FuturoCoin,?,$13.42,$1521870,-0.09%
ChatCoin,?,$0.050077,$1475010,0.53%
RED,?,$0.065705,$1469600,0.33%
Molecular Future,?,$0.278033,$1300360,0.68%
GoChain,?,$0.020704,$1238950,0.35%
Lightning Bit...,?,$20.98,$1180600,-0.64%
XMax,?,$0.003118,$1102910,0.49%
InsurChain,?,$0.001503,$963772,0.18%
Electronic PK...,?,$0.079717,$960868,0.34%
Intelligent I...,?,$0.004123,$957576,1.55%
Couchain,?,$0.000192,$945676,-0.43%
Global Social...,?,$0.069207,$928689,0.73%
Smartshare,?,$0.004407,$912598,0.99%
TopChain,?,$0.024662,$906688,0.60%
Tezos (Pre-La...,?,$4.10,$864200,-0.48%
Engine,?,$0.002995,$835590,-0.38%
Influence Chain,?,$0.215254,$814558,0.29%
United Bitcoin,?,$6.69,$800803,-0.94%
Filecoin [Fut...,?,$7.25,$721700,-0.23%
Maggie,?,$0.010753,$707947,3.72%
FairGame,?,$0.018519,$690213,-0.29%
Endor Protocol,?,$0.093756,$662710,2.36%
Show,?,$0.002502,$642004,-2.40%
Nexty,?,$0.000436,$631793,1.10%
EJOY,?,$0.005502,$619307,-8.75%
MyToken,?,$0.015157,$607766,-0.23%
BitcoinX,?,$0.014178,$537248,-3.42%
Freyrchain,?,$0.012427,$524757,-0.73%
CoinMeet,?,$0.033973,$524198,-0.18%
HalalChain,?,$0.101112,$504964,6.88%
Level Up Coin,?,$0.011099,$477677,0.47%
Fargocoin,?,$3.92,$472394,0.95%
Exchange Union,?,$5.32,$462347,-0.19%
Noah Coin,?,$0.005409,$459992,-0.46%
Loopring [NEO],?,$0.813594,$457855,-1.36%
WETH,?,$501.54,$441379,-1.05%
LightChain,?,$0.000965,$422619,0.88%
Pixie Coin,?,$0.002271,$401635,1.22%
CashBet Coin,?,$0.319667,$347401,-8.69%
StockChain,?,$0.006007,$339602,-2.23%
WINCOIN,?,$0.354288,$338064,-0.84%
StarCoin,?,$0.012696,$326460,0.00%
CFun,?,$0.011899,$293525,-2.23%
KEY,?,$0.007290,$266457,0.58%
Nectar,?,$0.409477,$255719,0.28%
Dignity,?,$0.102437,$248959,1.72%
Phantasma,?,$0.225888,$238969,0.12%
Shivom,?,$0.022624,$232809,0.06%
IPChain,?,$0.510548,$219938,-1.25%
Dragon Coins,?,$0.232337,$197956,0.22%
Read,?,$0.010581,$166733,0.20%
Bankera,?,$0.006139,$157189,0.06%
iQuant,?,$0.041372,$156883,1.82%
CEEK VR,?,$0.041067,$134666,-5.83%
ValueChain,?,$0.043603,$121490,-1.71%
Rublix,?,$0.259174,$120148,0.03%
Rhenium,?,$0.107201,$119902,-9.55%
Ivy,?,$0.123765,$118668,-2.01%
MEDX,?,$0.009624,$115941,0.40%
Dascoin,?,$0.084580,$98187,-0.11%
Cazcoin,?,$0.033359,$71146,-1.36%
ContractNet,?,$0.326766,$66219,-0.28%
Patron,?,$0.030750,$64796,-0.12%
Aidos Kuneen,?,$19.61,$60116,-1.83%
MIRQ,?,$0.307221,$59103,-2.34%
Monero Classic,?,$4.06,$55984,-0.26%
Etherecash,?,$0.025967,$51668,-0.30%
TraDove B2BCoin,?,$0.029052,$50356,0.23%
Hurify,?,$0.030431,$49066,0.60%
Powercoin,?,$0.000003,$48736,4.95%
SPINDLE,?,$0.010109,$48498,0.63%
REPO,?,$0.098419,$44990,0.81%
COMSA [ETH],?,$0.328377,$40724,0.06%
Sphre AIR ,?,$0.082580,$39138,0.41%
SegWit2x,?,$0.591436,$36894,0.02%
SnipCoin,?,$0.000532,$34937,0.60%
Consensus,?,$0.018032,$33695,0.68%
COMSA [XEM],?,$0.334403,$27474,0.03%
BlockMesh,?,$0.012877,$26290,-4.64%
Paymon,?,$0.003205,$25379,0.32%
Animation Vis...,?,$0.005277,$23186,-0.21%
Animecoin,?,$0.008759,$21288,-0.28%
Swisscoin,?,$0.000458,$20262,-0.28%
AC3,?,$0.240314,$19194,-0.04%
XYO Network,?,$0.004223,$18547,-1.06%
Vipstar Coin,?,$0.000457,$18311,3.94%
EDRCoin,?,$0.089722,$16643,1.45%
MSD,?,$0.004054,$16153,-0.27%
Arbitracoin,?,$0.010393,$15754,-0.28%
Cropcoin,?,$0.020391,$14715,0.20%
Shopin,?,$0.019138,$13963,0.57%
Ether Zero,?,$0.309728,$13961,-1.45%
Curriculum Vitae,?,$0.010495,$13077,0.57%
Infinitecoin,?,$0.000046,$12778,-1.00%
CryptopiaFeeS...,?,$1115.31,$12712,0.49%
EmberCoin,?,$6.7e-07,$10762,1.11%
Monero Original,?,$4.04,$8801,0.37%
Qube,?,$0.024624,$7645,0.53%
TerraNova,?,$2.17,$6929,-0.43%
ZenGold,?,$0.017386,$6771,-0.60%
BlockCDN,?,$0.019694,$5217,-2.57%
Slothcoin,?,$0.000005,$4749,1.77%
BitSoar,?,$0.000261,$3936,-0.28%
Amon,?,$0.007319,$3479,0.58%
First Bitcoin...,?,$0.081512,$3467,-0.28%
President Joh...,?,$0.035690,$3414,-0.28%
President Trump,?,$0.007843,$3390,-0.30%
TeslaCoilCoin,?,$3.27,$3354,-0.28%
Internet of T...,?,$195.30,$3342,-0.30%
WA Space,?,$0.003661,$2951,1.51%
Digix Gold Token,?,$42.25,$2349,-0.30%
Decentralized...,?,$0.026288,$2325,0.57%
Hero,?,$0.140605,$2291,8.36%
Golos Gold,?,$0.038609,$2232,-1.23%
SalPay,?,$0.072770,$2155,-0.01%
Hyper Pay,?,$0.011608,$1862,0.03%
Budbo,?,$0.028236,$1807,0.21%
ClubCoin,?,$0.280291,$1777,-0.28%
EA Coin,?,$0.006210,$1478,-0.28%
Sparks,?,$0.145494,$1427,12.62%
Harvest Maste...,?,$0.054053,$1319,-0.51%
Bitcoin God,?,$17.75,$1198,-0.28%
Alphabit,?,$23.26,$1173,-0.30%
Bela,?,$0.039988,$1113,0.68%
India Coin,?,$0.000065,$1055,-0.28%
CryptCoin,?,$0.086545,$1012,-0.28%
Rupee,?,$0.053600,$966,-0.28%
HODL Bucks,?,$0.026081,$875,0.98%
StrikeBitClub,?,$0.001177,$857,-0.30%
CORION,?,$0.071903,$839,-0.28%
Utrum,?,$0.102927,$651,7.74%
Royalties,?,$0.000065,$508,-0.35%
Regacoin,?,$0.000588,Low Vol,-18.41%
ERA,?,$0.008617,Low Vol,-12.63%
Lendroid Supp...,?,$0.007610,Low Vol,0.60%
NamoCoin,?,$0.000131,Low Vol,-0.30%
MarxCoin,?,$0.001505,Low Vol,-0.29%
Wink,?,$0.000278,Low Vol,-0.30%
Minex,?,$0.006289,Low Vol,4.19%
BigONE Token,?,$2.54,Low Vol,0.57%
Rcoin,?,$0.000065,Low Vol,-0.28%
TurboCoin,?,$0.000065,Low Vol,-0.30%
EncryptoTel [...,?,$0.022028,Low Vol,-0.28%
CGC Token,?,$0.098359,Low Vol,0.60%
Indicoin,?,$0.018956,Low Vol,-0.28%
United Trader...,?,$0.204510,Low Vol,-1.12%
DynamicCoin,?,$0.000327,Low Vol,-0.28%
Donationcoin,?,$0.000915,Low Vol,-0.28%
STEX,?,$1.45,Low Vol,-0.32%
Bank Coin,?,$0.019610,Low Vol,-0.28%
Superior Coin,?,$0.000824,Low Vol,-0.19%
RabbitCoin,?,$0.000047,Low Vol,-10.03%
SJWCoin,?,$0.000327,Low Vol,-0.28%
BlazerCoin,?,$0.001735,Low Vol,-0.09%
Magnetcoin,?,$0.056934,Low Vol,-0.28%
Francs,?,$0.014736,Low Vol,-0.21%
BetaCoin,?,$0.001961,Low Vol,-0.28%
Bastonet,?,$0.000065,Low Vol,-0.28%
SONO,?,$0.588296,Low Vol,-0.28%
Storjcoin X,?,$0.718319,Low Vol,0.00%
Bitok,?,$0.000065,Low Vol,-0.28%
Akuya Coin,?,$0.002549,Low Vol,-0.30%
Levocoin,?,$0.000523,Low Vol,-0.28%
SISA,?,$0.006537,Low Vol,-0.30%
GrandCoin,?,$0.000131,Low Vol,-0.28%
Cyder,?,$0.001373,Low Vol,-0.28%
ZSEcoin,?,$0.005425,Low Vol,-3.28%
Sakuracoin,?,$0.002092,Low Vol,-0.30%
Dutch Coin,?,$0.000261,Low Vol,-0.28%
Smoke,?,$0.037658,Low Vol,0.33%
FAPcoin,?,$0.000654,Low Vol,-0.28%
GoldMaxCoin,?,$0.000523,Low Vol,-0.30%
EtherDelta Token,?,$0.001166,Low Vol,0.60%
Runners,?,$0.000196,Low Vol,-0.28%
Huncoin,?,$0.000654,Low Vol,-0.28%
Tattoocoin (L...,?,$1.84,Low Vol,-0.28%
BitSerial,?,$0.002615,Low Vol,-0.28%
Cloud,?,$0.020319,Low Vol,-31.97%
Bubble,?,$0.006144,Low Vol,-0.28%
Fazzcoin,?,$0.003007,Low Vol,-0.28%
Protean,?,$0.000020,Low Vol,0.53%
Axiom,?,$0.008367,Low Vol,-0.30%
Pabyosi Coin ...,?,$0.054646,Low Vol,-0.30%
Quotient,?,$0.002535,Low Vol,-0.30%
T-coin,?,$0.000065,Low Vol,-0.28%
SHACoin,?,$0.000523,Low Vol,-0.28%
Antimatter,?,$0.000065,Low Vol,-0.28%
NumusCash,?,$0.000131,Low Vol,-0.28%
W3Coin,?,$0.000233,Low Vol,0.25%
Primulon,?,$0.000131,Low Vol,-0.30%
Tellurion,?,$0.000447,Low Vol,-0.37%
First Bitcoin,?,$0.013662,Low Vol,-0.30%
Bitbase,?,$0.000523,Low Vol,-0.30%
GOLD Reward T...,?,$0.004964,Low Vol,-0.15%
KlondikeCoin,?,$0.010328,Low Vol,-0.28%
TopCoin,?,$0.000980,Low Vol,-0.30%
Hyper,?,$0.013269,Low Vol,-0.30%
XTD Coin,?,$0.000065,Low Vol,-0.30%
UNCoin,?,$0.000065,Low Vol,-0.30%
ACChain,?,$0.123215,Low Vol,-0.28%
RichCoin,?,$0.003661,Low Vol,-0.30%
Halloween Coin,?,$0.000196,Low Vol,-0.28%
ShellCoin,?,$0.018629,Low Vol,-0.30%
Pirate Blocks,?,$0.001438,Low Vol,-0.28%
NEO GOLD,?,$0.001242,Low Vol,-0.28%
LandCoin,?,$0.002419,Low Vol,-0.30%
BT2 [CST],?,$13.07,Low Vol,-0.28%
TodayCoin,?,$0.000392,Low Vol,-0.28%
BTCMoon,?,$0.003464,Low Vol,-0.28%
Wi Coin,?,$0.000719,Low Vol,-0.28%
UniversalRoya...,?,$0.000261,Low Vol,-9.69%
Birds,?,$0.000196,Low Vol,-0.30%
SIGMAcoin,?,$0.015210,Low Vol,0.60%
CoffeeCoin,?,$0.001494,Low Vol,0.55%
Sharkcoin,?,$0.003004,Low Vol,0.55%
EggCoin,?,$0.012368,Low Vol,-0.99%
Cycling Coin,?,$0.000723,Low Vol,-18.03%
X2,?,$0.000196,Low Vol,1.25%
AvatarCoin,?,$0.033684,Low Vol,1.25%
Operand,?,$0.001045,Low Vol,-38.18%
PrismChain,?,$0.001102,Low Vol,-38.18%
LinkedCoin,?,$0.000130,Low Vol,-40.92%
PokeCoin,?,$0.000130,Low Vol,0.34%
UGAIN,?,$0.001420,Low Vol,-0.22%
Aces,?,$0.000132,Low Vol,-0.22%
SportsCoin,?,$0.001153,Low Vol,-7.84%
PROUD Money,?,$0.016318,Low Vol,-17.24%
Omicron,?,$0.099044,Low Vol,-14.02%
Cubits,?,$0.001816,Low Vol,0.37%
LePen,?,$0.000065,Low Vol,0.52%
KashhCoin,?,$0.000068,Low Vol,-7.48%
UR,?,$0.000654,Low Vol,-0.26%
BestChain,?,$0.001930,Low Vol,-0.41%
Cheapcoin,?,$0.000326,Low Vol,-44.52%
Aseancoin,?,$0.006410,Low Vol,1.24%
Ethereum Lite,?,$0.261803,Low Vol,-4.67%
High Gain,?,$0.000195,Low Vol,0.55%
PlexCoin,?,$0.006494,Low Vol,0.04%
Madcoin,?,$0.031275,Low Vol,0.04%
GameChain System,?,$0.003994,Low Vol,-38.70%
Qora,?,$0.379632,?,-0.62%
SuperNET,?,$65.92,?,1.67%
Vcash,?,?,?,1.67%
Avoncoin,?,$0.000327,?,1.13%
eREAL,?,$0.000442,?,-13.71%
Farstcoin,?,?,?,-13.71%
ENTCash,?,$0.024932,?,-13.71%
Jingtum Tech,?,$0.005692,?,-13.71%
InvestDigital,?,$0.036082,?,-14.51%
PressOne,?,$0.268932,?,-10.17%
Candy,?,$0.000261,?,-22.85%
Aston,?,?,?,-22.85%
